HITId,HITTypeId,Title,Description,Keywords,Reward,CreationTime,MaxAssignments,RequesterAnnotation,AssignmentDurationInSeconds,AutoApprovalDelayInSeconds,Expiration,NumberOfSimilarHITs,LifetimeInSeconds,AssignmentId,WorkerId,AssignmentStatus,AcceptTime,SubmitTime,AutoApprovalTime,ApprovalTime,RejectionTime,RequesterFeedback,WorkTimeInSeconds,LifetimeApprovalRate,Last30DaysApprovalRate,Last7DaysApprovalRate,Input.video_url_A,Input.video_url_B,Answer.ranking.label,Approve,Reject
3XEDXEGFX3F5D8H3BO5XGXJ95VO0K5,3K4OUUN0MNC4NGK528HDBR512BOCMT,Choose which video has the best performance,"Given two videos of a computer learning to play a video game, choose which video has the best performance.","video, classification, preferences, machine learning",$0.20,Mon Apr 29 12:08:25 PDT 2019,1,BatchId:3624797;OriginalHitTemplateId:928390922;,600,259200,Thu May 02 12:08:25 PDT 2019,,,3G5F9DBFOQOWR3F5Y2VQDIOW2JRVHD,A2TRHMYD2VZH5,Submitted,Mon Apr 29 12:08:50 PDT 2019,Mon Apr 29 12:09:37 PDT 2019,Thu May 02 12:09:37 PDT 2019,,,,47,0% (0/0),0% (0/0),0% (0/0),https://raw.githubusercontent.com/dsbrown1331/TurkVideos/master/breakout_00050.mp4,https://raw.githubusercontent.com/dsbrown1331/TurkVideos/master/breakout_00100.mp4,B,,
32XN26MTXZAGXEZLWOHYVXWOUVT0L8,3K4OUUN0MNC4NGK528HDBR512BOCMT,Choose which video has the best performance,"Given two videos of a computer learning to play a video game, choose which video has the best performance.","video, classification, preferences, machine learning",$0.20,Mon Apr 29 12:08:25 PDT 2019,1,BatchId:3624797;OriginalHitTemplateId:928390922;,600,259200,Thu May 02 12:08:25 PDT 2019,,,3GS6S824SRO1GO1LRAVZ4446V42NWO,A177EXELDLWTWV,Submitted,Mon Apr 29 12:08:57 PDT 2019,Mon Apr 29 12:11:03 PDT 2019,Thu May 02 12:11:03 PDT 2019,,,,126,0% (0/0),0% (0/0),0% (0/0),https://raw.githubusercontent.com/dsbrown1331/TurkVideos/master/breakout_00050.mp4,https://raw.githubusercontent.com/dsbrown1331/TurkVideos/master/breakout_00150.mp4,B,,
3BC9H1KCYU3T53758AZ9W07O4FBWYX,3K4OUUN0MNC4NGK528HDBR512BOCMT,Choose which video has the best performance,"Given two videos of a computer learning to play a video game, choose which video has the best performance.","video, classification, preferences, machine learning",$0.20,Mon Apr 29 12:08:25 PDT 2019,1,BatchId:3624797;OriginalHitTemplateId:928390922;,600,259200,Thu May 02 12:08:25 PDT 2019,,,336KAV9KYRJ9G77SKSF3XDMOVHC2YC,A26VFMS3M1XWSX,Submitted,Mon Apr 29 12:08:59 PDT 2019,Mon Apr 29 12:10:44 PDT 2019,Thu May 02 12:10:44 PDT 2019,,,,105,0% (0/0),0% (0/0),0% (0/0),https://raw.githubusercontent.com/dsbrown1331/TurkVideos/master/breakout_00050.mp4,https://raw.githubusercontent.com/dsbrown1331/TurkVideos/master/breakout_00200.mp4,A,,
3D4BBDG7ZHNJB24C2Y6IUC483YZ3CQ,3K4OUUN0MNC4NGK528HDBR512BOCMT,Choose which video has the best performance,"Given two videos of a computer learning to play a video game, choose which video has the best performance.","video, classification, preferences, machine learning",$0.20,Mon Apr 29 12:08:25 PDT 2019,1,BatchId:3624797;OriginalHitTemplateId:928390922;,600,259200,Thu May 02 12:08:25 PDT 2019,,,3IOEN3P9S8A082FQV5KX93SQ41561Z,A1ORUO2MGV9AT6,Submitted,Mon Apr 29 12:09:33 PDT 2019,Mon Apr 29 12:12:37 PDT 2019,Thu May 02 12:12:37 PDT 2019,,,,184,0% (0/0),0% (0/0),0% (0/0),https://raw.githubusercontent.com/dsbrown1331/TurkVideos/master/breakout_00050.mp4,https://raw.githubusercontent.com/dsbrown1331/TurkVideos/master/breakout_00250.mp4,B,,
3UUIU9GZC5W3BYTR23P1YJ2W5GQ5T1,3K4OUUN0MNC4NGK528HDBR512BOCMT,Choose which video has the best performance,"Given two videos of a computer learning to play a video game, choose which video has the best performance.","video, classification, preferences, machine learning",$0.20,Mon Apr 29 12:08:25 PDT 2019,1,BatchId:3624797;OriginalHitTemplateId:928390922;,600,259200,Thu May 02 12:08:25 PDT 2019,,,3MB8LZR5BGKKXO4JQJWH316M32TLKO,A2ETY1O927Z1IF,Submitted,Mon Apr 29 12:08:50 PDT 2019,Mon Apr 29 12:10:20 PDT 2019,Thu May 02 12:10:20 PDT 2019,,,,90,0% (0/0),0% (0/0),0% (0/0),https://raw.githubusercontent.com/dsbrown1331/TurkVideos/master/breakout_00050.mp4,https://raw.githubusercontent.com/dsbrown1331/TurkVideos/master/breakout_00300.mp4,B,,
3L7SUC0TTUL03WH6W0IDVABDU0J0MA,3K4OUUN0MNC4NGK528HDBR512BOCMT,Choose which video has the best performance,"Given two videos of a computer learning to play a video game, choose which video has the best performance.","video, classification, preferences, machine learning",$0.20,Mon Apr 29 12:08:25 PDT 2019,1,BatchId:3624797;OriginalHitTemplateId:928390922;,600,259200,Thu May 02 12:08:25 PDT 2019,,,3WYP994K18IXY8QT7UR6NQ30BMDY6O,A87AO6A9ILCHD,Submitted,Mon Apr 29 12:19:00 PDT 2019,Mon Apr 29 12:20:34 PDT 2019,Thu May 02 12:20:34 PDT 2019,,,,94,0% (0/0),0% (0/0),0% (0/0),https://raw.githubusercontent.com/dsbrown1331/TurkVideos/master/breakout_00050.mp4,https://raw.githubusercontent.com/dsbrown1331/TurkVideos/master/breakout_00350.mp4,B,,
3W1K7D6QSB81MQJZ955WNT3508XZBB,3K4OUUN0MNC4NGK528HDBR512BOCMT,Choose which video has the best performance,"Given two videos of a computer learning to play a video game, choose which video has the best performance.","video, classification, preferences, machine learning",$0.20,Mon Apr 29 12:08:25 PDT 2019,1,BatchId:3624797;OriginalHitTemplateId:928390922;,600,259200,Thu May 02 12:08:25 PDT 2019,,,3BDCF01OGYLFHTT0UYX8C9LX1H2YLW,A3HNEYFOIJWPH1,Submitted,Mon Apr 29 12:09:02 PDT 2019,Mon Apr 29 12:11:45 PDT 2019,Thu May 02 12:11:45 PDT 2019,,,,163,0% (0/0),0% (0/0),0% (0/0),https://raw.githubusercontent.com/dsbrown1331/TurkVideos/master/breakout_00050.mp4,https://raw.githubusercontent.com/dsbrown1331/TurkVideos/master/breakout_00400.mp4,A,,
3XDJY5RK5SC0FS4GO3W1YNIKOY1U4B,3K4OUUN0MNC4NGK528HDBR512BOCMT,Choose which video has the best performance,"Given two videos of a computer learning to play a video game, choose which video has the best performance.","video, classification, preferences, machine learning",$0.20,Mon Apr 29 12:08:25 PDT 2019,1,BatchId:3624797;OriginalHitTemplateId:928390922;,600,259200,Thu May 02 12:08:25 PDT 2019,,,3AUQQEL7U6KLG3990UO57QPFG2Q0VH,A1QWBLJIMF1A5V,Submitted,Mon Apr 29 12:09:06 PDT 2019,Mon Apr 29 12:09:50 PDT 2019,Thu May 02 12:09:50 PDT 2019,,,,44,0% (0/0),0% (0/0),0% (0/0),https://raw.githubusercontent.com/dsbrown1331/TurkVideos/master/breakout_00050.mp4,https://raw.githubusercontent.com/dsbrown1331/TurkVideos/master/breakout_00450.mp4,B,,
3P520RYKCHXIBB8G28FB3FOYOUWU5G,3K4OUUN0MNC4NGK528HDBR512BOCMT,Choose which video has the best performance,"Given two videos of a computer learning to play a video game, choose which video has the best performance.","video, classification, preferences, machine learning",$0.20,Mon Apr 29 12:08:25 PDT 2019,1,BatchId:3624797;OriginalHitTemplateId:928390922;,600,259200,Thu May 02 12:08:25 PDT 2019,,,33OOO72IVICQX3007FHA193VS66TCM,A1J4AZL6MZ675U,Submitted,Mon Apr 29 12:08:52 PDT 2019,Mon Apr 29 12:12:38 PDT 2019,Thu May 02 12:12:38 PDT 2019,,,,226,0% (0/0),0% (0/0),0% (0/0),https://raw.githubusercontent.com/dsbrown1331/TurkVideos/master/breakout_00050.mp4,https://raw.githubusercontent.com/dsbrown1331/TurkVideos/master/breakout_00500.mp4,B,,
3HO4MYYR12FEUF8U7RPGVL2YKP7U6W,3K4OUUN0MNC4NGK528HDBR512BOCMT,Choose which video has the best performance,"Given two videos of a computer learning to play a video game, choose which video has the best performance.","video, classification, preferences, machine learning",$0.20,Mon Apr 29 12:08:25 PDT 2019,1,BatchId:3624797;OriginalHitTemplateId:928390922;,600,259200,Thu May 02 12:08:25 PDT 2019,,,3KJYX6QCMA2SI9AVM2YBPV4BFBVVJI,A2MCG5W6LHSRG9,Submitted,Mon Apr 29 12:08:53 PDT 2019,Mon Apr 29 12:10:26 PDT 2019,Thu May 02 12:10:26 PDT 2019,,,,93,0% (0/0),0% (0/0),0% (0/0),https://raw.githubusercontent.com/dsbrown1331/TurkVideos/master/breakout_00050.mp4,https://raw.githubusercontent.com/dsbrown1331/TurkVideos/master/breakout_00550.mp4,B,,
3SA4EMRVJVT6OZEJOGA5CE58Z5TP0U,3K4OUUN0MNC4NGK528HDBR512BOCMT,Choose which video has the best performance,"Given two videos of a computer learning to play a video game, choose which video has the best performance.","video, classification, preferences, machine learning",$0.20,Mon Apr 29 12:08:25 PDT 2019,1,BatchId:3624797;OriginalHitTemplateId:928390922;,600,259200,Thu May 02 12:08:25 PDT 2019,,,3EO896NRAXMD5H66H7YWODGQIQJJTU,A2DNLHS1RSTF5R,Submitted,Mon Apr 29 12:19:22 PDT 2019,Mon Apr 29 12:22:27 PDT 2019,Thu May 02 12:22:27 PDT 2019,,,,185,0% (0/0),0% (0/0),0% (0/0),https://raw.githubusercontent.com/dsbrown1331/TurkVideos/master/breakout_00050.mp4,https://raw.githubusercontent.com/dsbrown1331/TurkVideos/master/breakout_00600.mp4,B,,
3VCK0Q0PO556LE2681XD8P0DZQT0NA,3K4OUUN0MNC4NGK528HDBR512BOCMT,Choose which video has the best performance,"Given two videos of a computer learning to play a video game, choose which video has the best performance.","video, classification, preferences, machine learning",$0.20,Mon Apr 29 12:08:25 PDT 2019,1,BatchId:3624797;OriginalHitTemplateId:928390922;,600,259200,Thu May 02 12:08:25 PDT 2019,,,3570Y55XZQAZV1FZJ70SZHGP50GYGQ,A177EXELDLWTWV,Submitted,Mon Apr 29 12:08:57 PDT 2019,Mon Apr 29 12:10:31 PDT 2019,Thu May 02 12:10:31 PDT 2019,,,,94,0% (0/0),0% (0/0),0% (0/0),https://raw.githubusercontent.com/dsbrown1331/TurkVideos/master/breakout_00100.mp4,https://raw.githubusercontent.com/dsbrown1331/TurkVideos/master/breakout_00050.mp4,B,,
3EHIMLB7F7QWT7LY07FFWK9ZWCW8HW,3K4OUUN0MNC4NGK528HDBR512BOCMT,Choose which video has the best performance,"Given two videos of a computer learning to play a video game, choose which video has the best performance.","video, classification, preferences, machine learning",$0.20,Mon Apr 29 12:08:25 PDT 2019,1,BatchId:3624797;OriginalHitTemplateId:928390922;,600,259200,Thu May 02 12:08:25 PDT 2019,,,3HHRAGRYX9W8MDOPZELK59W0NDMO9E,A19CB2C4GY4C60,Submitted,Mon Apr 29 12:09:04 PDT 2019,Mon Apr 29 12:11:23 PDT 2019,Thu May 02 12:11:23 PDT 2019,,,,139,0% (0/0),0% (0/0),0% (0/0),https://raw.githubusercontent.com/dsbrown1331/TurkVideos/master/breakout_00100.mp4,https://raw.githubusercontent.com/dsbrown1331/TurkVideos/master/breakout_00150.mp4,B,,
3P520RYKCHXIBB8G28FB3FOYOUX5US,3K4OUUN0MNC4NGK528HDBR512BOCMT,Choose which video has the best performance,"Given two videos of a computer learning to play a video game, choose which video has the best performance.","video, classification, preferences, machine learning",$0.20,Mon Apr 29 12:08:25 PDT 2019,1,BatchId:3624797;OriginalHitTemplateId:928390922;,600,259200,Thu May 02 12:08:25 PDT 2019,,,384PI804XTS5OBS56ZJ0W358HYW0SC,A3L5E0H6LIE1LY,Submitted,Mon Apr 29 12:08:52 PDT 2019,Mon Apr 29 12:11:50 PDT 2019,Thu May 02 12:11:50 PDT 2019,,,,178,0% (0/0),0% (0/0),0% (0/0),https://raw.githubusercontent.com/dsbrown1331/TurkVideos/master/breakout_00100.mp4,https://raw.githubusercontent.com/dsbrown1331/TurkVideos/master/breakout_00200.mp4,B,,
3FSEU3P2NRRF06EXVLX9156A9DHRRN,3K4OUUN0MNC4NGK528HDBR512BOCMT,Choose which video has the best performance,"Given two videos of a computer learning to play a video game, choose which video has the best performance.","video, classification, preferences, machine learning",$0.20,Mon Apr 29 12:08:25 PDT 2019,1,BatchId:3624797;OriginalHitTemplateId:928390922;,600,259200,Thu May 02 12:08:25 PDT 2019,,,3OS46CRSLGQGUEVO2J4MGRZ6T5BV6C,A2HUTXBZ4YCVYT,Submitted,Mon Apr 29 12:15:24 PDT 2019,Mon Apr 29 12:16:30 PDT 2019,Thu May 02 12:16:30 PDT 2019,,,,66,0% (0/0),0% (0/0),0% (0/0),https://raw.githubusercontent.com/dsbrown1331/TurkVideos/master/breakout_00100.mp4,https://raw.githubusercontent.com/dsbrown1331/TurkVideos/master/breakout_00250.mp4,B,,
3FO95NVK5CRR1LEAAAXERFB6VF0RSB,3K4OUUN0MNC4NGK528HDBR512BOCMT,Choose which video has the best performance,"Given two videos of a computer learning to play a video game, choose which video has the best performance.","video, classification, preferences, machine learning",$0.20,Mon Apr 29 12:08:25 PDT 2019,1,BatchId:3624797;OriginalHitTemplateId:928390922;,600,259200,Thu May 02 12:08:25 PDT 2019,,,3IAEQB9FMFBSUCA82GHW8ZSCH00WDF,A3F9N2P4NUUR7S,Submitted,Mon Apr 29 12:09:22 PDT 2019,Mon Apr 29 12:10:49 PDT 2019,Thu May 02 12:10:49 PDT 2019,,,,87,0% (0/0),0% (0/0),0% (0/0),https://raw.githubusercontent.com/dsbrown1331/TurkVideos/master/breakout_00100.mp4,https://raw.githubusercontent.com/dsbrown1331/TurkVideos/master/breakout_00300.mp4,A,,
30QQTY5GMKBXYFMZQ1U81Z2UF0RU7V,3K4OUUN0MNC4NGK528HDBR512BOCMT,Choose which video has the best performance,"Given two videos of a computer learning to play a video game, choose which video has the best performance.","video, classification, preferences, machine learning",$0.20,Mon Apr 29 12:08:25 PDT 2019,1,BatchId:3624797;OriginalHitTemplateId:928390922;,600,259200,Thu May 02 12:08:25 PDT 2019,,,3V5Q80FXIYI804A4V7MD7JQBMGH327,A1ZD8RU6YB0VEU,Submitted,Mon Apr 29 12:09:00 PDT 2019,Mon Apr 29 12:09:27 PDT 2019,Thu May 02 12:09:27 PDT 2019,,,,27,0% (0/0),0% (0/0),0% (0/0),https://raw.githubusercontent.com/dsbrown1331/TurkVideos/master/breakout_00100.mp4,https://raw.githubusercontent.com/dsbrown1331/TurkVideos/master/breakout_00350.mp4,B,,
3MDWE879UHTMGZ1M57BXA51CL59B98,3K4OUUN0MNC4NGK528HDBR512BOCMT,Choose which video has the best performance,"Given two videos of a computer learning to play a video game, choose which video has the best performance.","video, classification, preferences, machine learning",$0.20,Mon Apr 29 12:08:25 PDT 2019,1,BatchId:3624797;OriginalHitTemplateId:928390922;,600,259200,Thu May 02 12:08:25 PDT 2019,,,3TK8OJTYM2CO4KDTHF3VMRQNOA1VPI,A1SBMQLVY9CLYU,Submitted,Mon Apr 29 12:09:02 PDT 2019,Mon Apr 29 12:09:46 PDT 2019,Thu May 02 12:09:46 PDT 2019,,,,44,0% (0/0),0% (0/0),0% (0/0),https://raw.githubusercontent.com/dsbrown1331/TurkVideos/master/breakout_00100.mp4,https://raw.githubusercontent.com/dsbrown1331/TurkVideos/master/breakout_00400.mp4,B,,
304QEQWKZPBO3Z2I9GXQNE0IP0Y0OP,3K4OUUN0MNC4NGK528HDBR512BOCMT,Choose which video has the best performance,"Given two videos of a computer learning to play a video game, choose which video has the best performance.","video, classification, preferences, machine learning",$0.20,Mon Apr 29 12:08:25 PDT 2019,1,BatchId:3624797;OriginalHitTemplateId:928390922;,600,259200,Thu May 02 12:08:25 PDT 2019,,,3GA6AFUKOPFCFUDMESPKUNWDBZZ3HP,A3HNEYFOIJWPH1,Submitted,Mon Apr 29 12:09:07 PDT 2019,Mon Apr 29 12:17:35 PDT 2019,Thu May 02 12:17:35 PDT 2019,,,,508,0% (0/0),0% (0/0),0% (0/0),https://raw.githubusercontent.com/dsbrown1331/TurkVideos/master/breakout_00100.mp4,https://raw.githubusercontent.com/dsbrown1331/TurkVideos/master/breakout_00450.mp4,B,,
33Q5P9PUSPDKWVB5N51RYD9NITXZCI,3K4OUUN0MNC4NGK528HDBR512BOCMT,Choose which video has the best performance,"Given two videos of a computer learning to play a video game, choose which video has the best performance.","video, classification, preferences, machine learning",$0.20,Mon Apr 29 12:08:25 PDT 2019,1,BatchId:3624797;OriginalHitTemplateId:928390922;,600,259200,Thu May 02 12:08:25 PDT 2019,,,3DBQWDE4Y7P735M1V98QE4RTB7Z5NQ,A28HB7240OFGEW,Submitted,Mon Apr 29 12:09:07 PDT 2019,Mon Apr 29 12:09:34 PDT 2019,Thu May 02 12:09:34 PDT 2019,,,,27,0% (0/0),0% (0/0),0% (0/0),https://raw.githubusercontent.com/dsbrown1331/TurkVideos/master/breakout_00100.mp4,https://raw.githubusercontent.com/dsbrown1331/TurkVideos/master/breakout_00500.mp4,B,,
3SA4EMRVJVT6OZEJOGA5CE58Z5U0P6,3K4OUUN0MNC4NGK528HDBR512BOCMT,Choose which video has the best performance,"Given two videos of a computer learning to play a video game, choose which video has the best performance.","video, classification, preferences, machine learning",$0.20,Mon Apr 29 12:08:25 PDT 2019,1,BatchId:3624797;OriginalHitTemplateId:928390922;,600,259200,Thu May 02 12:08:25 PDT 2019,,,3AMW0RGHOETBWF4KFOH4CAWA27ZNPT,A272A0JGRTBFCR,Submitted,Mon Apr 29 12:08:58 PDT 2019,Mon Apr 29 12:10:43 PDT 2019,Thu May 02 12:10:43 PDT 2019,,,,105,0% (0/0),0% (0/0),0% (0/0),https://raw.githubusercontent.com/dsbrown1331/TurkVideos/master/breakout_00100.mp4,https://raw.githubusercontent.com/dsbrown1331/TurkVideos/master/breakout_00550.mp4,B,,
32PT7WK7DM6TGUAQ2U1TEIMQOYB3DQ,3K4OUUN0MNC4NGK528HDBR512BOCMT,Choose which video has the best performance,"Given two videos of a computer learning to play a video game, choose which video has the best performance.","video, classification, preferences, machine learning",$0.20,Mon Apr 29 12:08:25 PDT 2019,1,BatchId:3624797;OriginalHitTemplateId:928390922;,600,259200,Thu May 02 12:08:25 PDT 2019,,,3F0BG9B9MQEG284YQ4WYT43W6XY7YX,A1J4AZL6MZ675U,Submitted,Mon Apr 29 12:09:05 PDT 2019,Mon Apr 29 12:16:29 PDT 2019,Thu May 02 12:16:29 PDT 2019,,,,444,0% (0/0),0% (0/0),0% (0/0),https://raw.githubusercontent.com/dsbrown1331/TurkVideos/master/breakout_00100.mp4,https://raw.githubusercontent.com/dsbrown1331/TurkVideos/master/breakout_00600.mp4,B,,
32CXT5U14GU1YTRI06MEFZYPQKXU8I,3K4OUUN0MNC4NGK528HDBR512BOCMT,Choose which video has the best performance,"Given two videos of a computer learning to play a video game, choose which video has the best performance.","video, classification, preferences, machine learning",$0.20,Mon Apr 29 12:08:25 PDT 2019,1,BatchId:3624797;OriginalHitTemplateId:928390922;,600,259200,Thu May 02 12:08:25 PDT 2019,,,34MAJL3QP5EI3IPRZL510YN96UD343,A1EY3YKOC2DVBU,Submitted,Mon Apr 29 12:09:09 PDT 2019,Mon Apr 29 12:11:22 PDT 2019,Thu May 02 12:11:22 PDT 2019,,,,133,0% (0/0),0% (0/0),0% (0/0),https://raw.githubusercontent.com/dsbrown1331/TurkVideos/master/breakout_00150.mp4,https://raw.githubusercontent.com/dsbrown1331/TurkVideos/master/breakout_00050.mp4,A,,
3TX9T2ZCB9STATHA4W1SA7GQA9FWZO,3K4OUUN0MNC4NGK528HDBR512BOCMT,Choose which video has the best performance,"Given two videos of a computer learning to play a video game, choose which video has the best performance.","video, classification, preferences, machine learning",$0.20,Mon Apr 29 12:08:25 PDT 2019,1,BatchId:3624797;OriginalHitTemplateId:928390922;,600,259200,Thu May 02 12:08:25 PDT 2019,,,3ATPCQ38J91YLA2WX78I3V5M754AYR,A38DC3BG1ZCVZ2,Submitted,Mon Apr 29 12:09:22 PDT 2019,Mon Apr 29 12:14:04 PDT 2019,Thu May 02 12:14:04 PDT 2019,,,,282,0% (0/0),0% (0/0),0% (0/0),https://raw.githubusercontent.com/dsbrown1331/TurkVideos/master/breakout_00150.mp4,https://raw.githubusercontent.com/dsbrown1331/TurkVideos/master/breakout_00100.mp4,A,,
3IHWR4LC7D4WP2WI6PX0WWAEWPB8IP,3K4OUUN0MNC4NGK528HDBR512BOCMT,Choose which video has the best performance,"Given two videos of a computer learning to play a video game, choose which video has the best performance.","video, classification, preferences, machine learning",$0.20,Mon Apr 29 12:08:25 PDT 2019,1,BatchId:3624797;OriginalHitTemplateId:928390922;,600,259200,Thu May 02 12:08:25 PDT 2019,,,3S96KQ6I9NV02V6E7BCLLFLDD6ITDM,A3L04E6VTT3LCI,Submitted,Mon Apr 29 12:08:54 PDT 2019,Mon Apr 29 12:09:18 PDT 2019,Thu May 02 12:09:18 PDT 2019,,,,24,0% (0/0),0% (0/0),0% (0/0),https://raw.githubusercontent.com/dsbrown1331/TurkVideos/master/breakout_00150.mp4,https://raw.githubusercontent.com/dsbrown1331/TurkVideos/master/breakout_00200.mp4,B,,
3IV1AEQ4DR4SKDGOO7I08XPE9408J1,3K4OUUN0MNC4NGK528HDBR512BOCMT,Choose which video has the best performance,"Given two videos of a computer learning to play a video game, choose which video has the best performance.","video, classification, preferences, machine learning",$0.20,Mon Apr 29 12:08:25 PDT 2019,1,BatchId:3624797;OriginalHitTemplateId:928390922;,600,259200,Thu May 02 12:08:25 PDT 2019,,,3TOK3KHVJU948U0WKHN0RD5USNYO72,A3HNEYFOIJWPH1,Submitted,Mon Apr 29 12:09:09 PDT 2019,Mon Apr 29 12:18:58 PDT 2019,Thu May 02 12:18:58 PDT 2019,,,,589,0% (0/0),0% (0/0),0% (0/0),https://raw.githubusercontent.com/dsbrown1331/TurkVideos/master/breakout_00150.mp4,https://raw.githubusercontent.com/dsbrown1331/TurkVideos/master/breakout_00250.mp4,B,,
3YO4AH2FPDBROBFYOTPUCJVI41G0QX,3K4OUUN0MNC4NGK528HDBR512BOCMT,Choose which video has the best performance,"Given two videos of a computer learning to play a video game, choose which video has the best performance.","video, classification, preferences, machine learning",$0.20,Mon Apr 29 12:08:25 PDT 2019,1,BatchId:3624797;OriginalHitTemplateId:928390922;,600,259200,Thu May 02 12:08:25 PDT 2019,,,32RIADZISTVMNZA6P06286VLYAC4SW,A1VPJFCJDIXGW7,Submitted,Mon Apr 29 12:09:54 PDT 2019,Mon Apr 29 12:11:57 PDT 2019,Thu May 02 12:11:57 PDT 2019,,,,123,0% (0/0),0% (0/0),0% (0/0),https://raw.githubusercontent.com/dsbrown1331/TurkVideos/master/breakout_00150.mp4,https://raw.githubusercontent.com/dsbrown1331/TurkVideos/master/breakout_00300.mp4,B,,
3OJX0UFJ0ZY1CYAS5YSSFVT0AQFU97,3K4OUUN0MNC4NGK528HDBR512BOCMT,Choose which video has the best performance,"Given two videos of a computer learning to play a video game, choose which video has the best performance.","video, classification, preferences, machine learning",$0.20,Mon Apr 29 12:08:25 PDT 2019,1,BatchId:3624797;OriginalHitTemplateId:928390922;,600,259200,Thu May 02 12:08:25 PDT 2019,,,3VZLGYJEYM1AMDKU432F1APMEKGXZ8,A3RYI5HXC2MJLN,Submitted,Mon Apr 29 12:08:36 PDT 2019,Mon Apr 29 12:14:54 PDT 2019,Thu May 02 12:14:54 PDT 2019,,,,378,0% (0/0),0% (0/0),0% (0/0),https://raw.githubusercontent.com/dsbrown1331/TurkVideos/master/breakout_00150.mp4,https://raw.githubusercontent.com/dsbrown1331/TurkVideos/master/breakout_00350.mp4,B,,
3SBNLSTU6UWU1NHJN1W2IJR53T9ZDI,3K4OUUN0MNC4NGK528HDBR512BOCMT,Choose which video has the best performance,"Given two videos of a computer learning to play a video game, choose which video has the best performance.","video, classification, preferences, machine learning",$0.20,Mon Apr 29 12:08:25 PDT 2019,1,BatchId:3624797;OriginalHitTemplateId:928390922;,600,259200,Thu May 02 12:08:25 PDT 2019,,,32Z9ZLUT1MB11J68XQ9CIQUO6QYHO1,A3RYI5HXC2MJLN,Submitted,Mon Apr 29 12:19:43 PDT 2019,Mon Apr 29 12:20:57 PDT 2019,Thu May 02 12:20:57 PDT 2019,,,,74,0% (0/0),0% (0/0),0% (0/0),https://raw.githubusercontent.com/dsbrown1331/TurkVideos/master/breakout_00150.mp4,https://raw.githubusercontent.com/dsbrown1331/TurkVideos/master/breakout_00400.mp4,B,,
3DTJ4WT8BD6ZTTVJJW7MO19Q35AZEB,3K4OUUN0MNC4NGK528HDBR512BOCMT,Choose which video has the best performance,"Given two videos of a computer learning to play a video game, choose which video has the best performance.","video, classification, preferences, machine learning",$0.20,Mon Apr 29 12:08:25 PDT 2019,1,BatchId:3624797;OriginalHitTemplateId:928390922;,600,259200,Thu May 02 12:08:25 PDT 2019,,,3TAYZSBPLMZCKLVJLMNEFRYNEWG2SY,A177EXELDLWTWV,Submitted,Mon Apr 29 12:09:11 PDT 2019,Mon Apr 29 12:11:42 PDT 2019,Thu May 02 12:11:42 PDT 2019,,,,151,0% (0/0),0% (0/0),0% (0/0),https://raw.githubusercontent.com/dsbrown1331/TurkVideos/master/breakout_00150.mp4,https://raw.githubusercontent.com/dsbrown1331/TurkVideos/master/breakout_00450.mp4,B,,
3TD33TP5DLT0LIBRXDPX60CWRNRBAN,3K4OUUN0MNC4NGK528HDBR512BOCMT,Choose which video has the best performance,"Given two videos of a computer learning to play a video game, choose which video has the best performance.","video, classification, preferences, machine learning",$0.20,Mon Apr 29 12:08:25 PDT 2019,1,BatchId:3624797;OriginalHitTemplateId:928390922;,600,259200,Thu May 02 12:08:25 PDT 2019,,,317HQ483I8JJFTHG2TRK3DVYGT4NIH,AX2VR7850ON7L,Submitted,Mon Apr 29 12:08:45 PDT 2019,Mon Apr 29 12:09:59 PDT 2019,Thu May 02 12:09:59 PDT 2019,,,,74,0% (0/0),0% (0/0),0% (0/0),https://raw.githubusercontent.com/dsbrown1331/TurkVideos/master/breakout_00150.mp4,https://raw.githubusercontent.com/dsbrown1331/TurkVideos/master/breakout_00500.mp4,B,,
3N7PQ0KLI5GY80OQYPCDK04BOAC3EJ,3K4OUUN0MNC4NGK528HDBR512BOCMT,Choose which video has the best performance,"Given two videos of a computer learning to play a video game, choose which video has the best performance.","video, classification, preferences, machine learning",$0.20,Mon Apr 29 12:08:25 PDT 2019,1,BatchId:3624797;OriginalHitTemplateId:928390922;,600,259200,Thu May 02 12:08:25 PDT 2019,,,3PM8NZGV8Z718LJ3H7J2AHDI9HVQX7,A357BORERBTE76,Submitted,Mon Apr 29 12:08:57 PDT 2019,Mon Apr 29 12:10:13 PDT 2019,Thu May 02 12:10:13 PDT 2019,,,,76,0% (0/0),0% (0/0),0% (0/0),https://raw.githubusercontent.com/dsbrown1331/TurkVideos/master/breakout_00150.mp4,https://raw.githubusercontent.com/dsbrown1331/TurkVideos/master/breakout_00550.mp4,B,,
3VJ4PFXFJ3YFHHKXX46SBQ4KG8XUAM,3K4OUUN0MNC4NGK528HDBR512BOCMT,Choose which video has the best performance,"Given two videos of a computer learning to play a video game, choose which video has the best performance.","video, classification, preferences, machine learning",$0.20,Mon Apr 29 12:08:25 PDT 2019,1,BatchId:3624797;OriginalHitTemplateId:928390922;,600,259200,Thu May 02 12:08:25 PDT 2019,,,3CN4LGXD5YFJJLMFO6YRQSJMFV7Y43,A100Y89FZO4J0B,Submitted,Mon Apr 29 12:14:02 PDT 2019,Mon Apr 29 12:15:07 PDT 2019,Thu May 02 12:15:07 PDT 2019,,,,65,0% (0/0),0% (0/0),0% (0/0),https://raw.githubusercontent.com/dsbrown1331/TurkVideos/master/breakout_00150.mp4,https://raw.githubusercontent.com/dsbrown1331/TurkVideos/master/breakout_00600.mp4,B,,
3538U0YQ1FLQEEOMT0WJ2IPB0BR3F1,3K4OUUN0MNC4NGK528HDBR512BOCMT,Choose which video has the best performance,"Given two videos of a computer learning to play a video game, choose which video has the best performance.","video, classification, preferences, machine learning",$0.20,Mon Apr 29 12:08:25 PDT 2019,1,BatchId:3624797;OriginalHitTemplateId:928390922;,600,259200,Thu May 02 12:08:25 PDT 2019,,,33UKMF931AB7JK2BT1C0QJ3ZGS6TT5,A3LUL1PPU1EUTG,Submitted,Mon Apr 29 12:09:07 PDT 2019,Mon Apr 29 12:10:07 PDT 2019,Thu May 02 12:10:07 PDT 2019,,,,60,0% (0/0),0% (0/0),0% (0/0),https://raw.githubusercontent.com/dsbrown1331/TurkVideos/master/breakout_00200.mp4,https://raw.githubusercontent.com/dsbrown1331/TurkVideos/master/breakout_00050.mp4,A,,
31MCUE39BKDWSEKH4K21K3PN1QR3G0,3K4OUUN0MNC4NGK528HDBR512BOCMT,Choose which video has the best performance,"Given two videos of a computer learning to play a video game, choose which video has the best performance.","video, classification, preferences, machine learning",$0.20,Mon Apr 29 12:08:25 PDT 2019,1,BatchId:3624797;OriginalHitTemplateId:928390922;,600,259200,Thu May 02 12:08:25 PDT 2019,,,3WSELTNVR4T24O32N1LJVED7S3LTAK,A2XFO0X6RCS98M,Submitted,Mon Apr 29 12:09:11 PDT 2019,Mon Apr 29 12:12:34 PDT 2019,Thu May 02 12:12:34 PDT 2019,,,,203,0% (0/0),0% (0/0),0% (0/0),https://raw.githubusercontent.com/dsbrown1331/TurkVideos/master/breakout_00200.mp4,https://raw.githubusercontent.com/dsbrown1331/TurkVideos/master/breakout_00100.mp4,A,,
3CO05SML7VWR0CUY18EUH95N0NI0RY,3K4OUUN0MNC4NGK528HDBR512BOCMT,Choose which video has the best performance,"Given two videos of a computer learning to play a video game, choose which video has the best performance.","video, classification, preferences, machine learning",$0.20,Mon Apr 29 12:08:25 PDT 2019,1,BatchId:3624797;OriginalHitTemplateId:928390922;,600,259200,Thu May 02 12:08:25 PDT 2019,,,3SNVL38CI5JRUKADD63I0IGZ9TJCK3,A3GGA7I8AFZ8KZ,Submitted,Mon Apr 29 12:19:33 PDT 2019,Mon Apr 29 12:21:21 PDT 2019,Thu May 02 12:21:21 PDT 2019,,,,108,0% (0/0),0% (0/0),0% (0/0),https://raw.githubusercontent.com/dsbrown1331/TurkVideos/master/breakout_00200.mp4,https://raw.githubusercontent.com/dsbrown1331/TurkVideos/master/breakout_00150.mp4,B,,
3CKVGCS3PGW31RUBGXEZ7JAJMP10SM,3K4OUUN0MNC4NGK528HDBR512BOCMT,Choose which video has the best performance,"Given two videos of a computer learning to play a video game, choose which video has the best performance.","video, classification, preferences, machine learning",$0.20,Mon Apr 29 12:08:25 PDT 2019,1,BatchId:3624797;OriginalHitTemplateId:928390922;,600,259200,Thu May 02 12:08:25 PDT 2019,,,3ZV9H2YQQEYUCK8B9RBKVQ60QNBW3H,A2XFO0X6RCS98M,Submitted,Mon Apr 29 12:09:07 PDT 2019,Mon Apr 29 12:11:46 PDT 2019,Thu May 02 12:11:46 PDT 2019,,,,159,0% (0/0),0% (0/0),0% (0/0),https://raw.githubusercontent.com/dsbrown1331/TurkVideos/master/breakout_00200.mp4,https://raw.githubusercontent.com/dsbrown1331/TurkVideos/master/breakout_00250.mp4,B,,
34YWR3PJ281BX8GAA7KM6RRB142X0Q,3K4OUUN0MNC4NGK528HDBR512BOCMT,Choose which video has the best performance,"Given two videos of a computer learning to play a video game, choose which video has the best performance.","video, classification, preferences, machine learning",$0.20,Mon Apr 29 12:08:25 PDT 2019,1,BatchId:3624797;OriginalHitTemplateId:928390922;,600,259200,Thu May 02 12:08:25 PDT 2019,,,3WETL7AQWUZ0Z1TRDQOB5QTN6Q853A,AA9Y4BEMJYWN1,Submitted,Mon Apr 29 12:08:51 PDT 2019,Mon Apr 29 12:10:29 PDT 2019,Thu May 02 12:10:29 PDT 2019,,,,98,0% (0/0),0% (0/0),0% (0/0),https://raw.githubusercontent.com/dsbrown1331/TurkVideos/master/breakout_00200.mp4,https://raw.githubusercontent.com/dsbrown1331/TurkVideos/master/breakout_00300.mp4,B,,
3W0KKJIARR0NVXM66SIC9CPROT08K0,3K4OUUN0MNC4NGK528HDBR512BOCMT,Choose which video has the best performance,"Given two videos of a computer learning to play a video game, choose which video has the best performance.","video, classification, preferences, machine learning",$0.20,Mon Apr 29 12:08:25 PDT 2019,1,BatchId:3624797;OriginalHitTemplateId:928390922;,600,259200,Thu May 02 12:08:25 PDT 2019,,,3JWH6J9I9T49SL3AWJZ3HQRLL3LBNX,A1QWBLJIMF1A5V,Submitted,Mon Apr 29 12:09:54 PDT 2019,Mon Apr 29 12:10:35 PDT 2019,Thu May 02 12:10:35 PDT 2019,,,,41,0% (0/0),0% (0/0),0% (0/0),https://raw.githubusercontent.com/dsbrown1331/TurkVideos/master/breakout_00200.mp4,https://raw.githubusercontent.com/dsbrown1331/TurkVideos/master/breakout_00350.mp4,A,,
3VP28W7DUNBRZ7VFE7RS6JUQF6PZFT,3K4OUUN0MNC4NGK528HDBR512BOCMT,Choose which video has the best performance,"Given two videos of a computer learning to play a video game, choose which video has the best performance.","video, classification, preferences, machine learning",$0.20,Mon Apr 29 12:08:25 PDT 2019,1,BatchId:3624797;OriginalHitTemplateId:928390922;,600,259200,Thu May 02 12:08:25 PDT 2019,,,3OXV7EAXLFHWI5T5I9YGXW7N2LJ36O,A3HNEYFOIJWPH1,Submitted,Mon Apr 29 12:09:00 PDT 2019,Mon Apr 29 12:10:12 PDT 2019,Thu May 02 12:10:12 PDT 2019,,,,72,0% (0/0),0% (0/0),0% (0/0),https://raw.githubusercontent.com/dsbrown1331/TurkVideos/master/breakout_00200.mp4,https://raw.githubusercontent.com/dsbrown1331/TurkVideos/master/breakout_00400.mp4,B,,
3TKSOBLOHL754SGJ3RPT1BW295CBBI,3K4OUUN0MNC4NGK528HDBR512BOCMT,Choose which video has the best performance,"Given two videos of a computer learning to play a video game, choose which video has the best performance.","video, classification, preferences, machine learning",$0.20,Mon Apr 29 12:08:25 PDT 2019,1,BatchId:3624797;OriginalHitTemplateId:928390922;,600,259200,Thu May 02 12:08:25 PDT 2019,,,3EFVCAY5L40U7XEIE9N1XHK34DV8JR,AWMO0GYE4AYF9,Submitted,Mon Apr 29 12:09:32 PDT 2019,Mon Apr 29 12:09:43 PDT 2019,Thu May 02 12:09:43 PDT 2019,,,,11,0% (0/0),0% (0/0),0% (0/0),https://raw.githubusercontent.com/dsbrown1331/TurkVideos/master/breakout_00200.mp4,https://raw.githubusercontent.com/dsbrown1331/TurkVideos/master/breakout_00450.mp4,A,,
31JUPBOORNVYF34ORSUDOC26DT58L3,3K4OUUN0MNC4NGK528HDBR512BOCMT,Choose which video has the best performance,"Given two videos of a computer learning to play a video game, choose which video has the best performance.","video, classification, preferences, machine learning",$0.20,Mon Apr 29 12:08:25 PDT 2019,1,BatchId:3624797;OriginalHitTemplateId:928390922;,600,259200,Thu May 02 12:08:25 PDT 2019,,,3VW6495TLKRZHS0ZDDMY6HNTAW6YYO,A2SO6K35NMGBB7,Submitted,Mon Apr 29 12:09:22 PDT 2019,Mon Apr 29 12:10:51 PDT 2019,Thu May 02 12:10:51 PDT 2019,,,,89,0% (0/0),0% (0/0),0% (0/0),https://raw.githubusercontent.com/dsbrown1331/TurkVideos/master/breakout_00200.mp4,https://raw.githubusercontent.com/dsbrown1331/TurkVideos/master/breakout_00500.mp4,B,,
3KTZHH2ONI6ILLM9R4VSOPHVDYV8M5,3K4OUUN0MNC4NGK528HDBR512BOCMT,Choose which video has the best performance,"Given two videos of a computer learning to play a video game, choose which video has the best performance.","video, classification, preferences, machine learning",$0.20,Mon Apr 29 12:08:26 PDT 2019,1,BatchId:3624797;OriginalHitTemplateId:928390922;,600,259200,Thu May 02 12:08:26 PDT 2019,,,3WEV0KO0ONJZNVTZIB7VBAPRBN5DSI,A1QWBLJIMF1A5V,Submitted,Mon Apr 29 12:09:32 PDT 2019,Mon Apr 29 12:10:19 PDT 2019,Thu May 02 12:10:19 PDT 2019,,,,47,0% (0/0),0% (0/0),0% (0/0),https://raw.githubusercontent.com/dsbrown1331/TurkVideos/master/breakout_00200.mp4,https://raw.githubusercontent.com/dsbrown1331/TurkVideos/master/breakout_00550.mp4,A,,
3VQTAXTYN3CK0RPP3I6O61OQYQIUBH,3K4OUUN0MNC4NGK528HDBR512BOCMT,Choose which video has the best performance,"Given two videos of a computer learning to play a video game, choose which video has the best performance.","video, classification, preferences, machine learning",$0.20,Mon Apr 29 12:08:26 PDT 2019,1,BatchId:3624797;OriginalHitTemplateId:928390922;,600,259200,Thu May 02 12:08:26 PDT 2019,,,3L4PIM1GQU7QKRODZIU4YLUW79RYRM,A3HNEYFOIJWPH1,Submitted,Mon Apr 29 12:09:06 PDT 2019,Mon Apr 29 12:16:10 PDT 2019,Thu May 02 12:16:10 PDT 2019,,,,424,0% (0/0),0% (0/0),0% (0/0),https://raw.githubusercontent.com/dsbrown1331/TurkVideos/master/breakout_00200.mp4,https://raw.githubusercontent.com/dsbrown1331/TurkVideos/master/breakout_00600.mp4,B,,
38F60IALAG84GR7Q5XJPHO65O8F0TB,3K4OUUN0MNC4NGK528HDBR512BOCMT,Choose which video has the best performance,"Given two videos of a computer learning to play a video game, choose which video has the best performance.","video, classification, preferences, machine learning",$0.20,Mon Apr 29 12:08:26 PDT 2019,1,BatchId:3624797;OriginalHitTemplateId:928390922;,600,259200,Thu May 02 12:08:26 PDT 2019,,,3L0KT67Y8F72L6OQE7U9OVZSTBAYSA,A111ZFNLXK1TCO,Submitted,Mon Apr 29 12:09:07 PDT 2019,Mon Apr 29 12:10:40 PDT 2019,Thu May 02 12:10:40 PDT 2019,,,,93,0% (0/0),0% (0/0),0% (0/0),https://raw.githubusercontent.com/dsbrown1331/TurkVideos/master/breakout_00250.mp4,https://raw.githubusercontent.com/dsbrown1331/TurkVideos/master/breakout_00050.mp4,A,,
3R868ACW4S3XD7RAPRXAO4U2GLPZGS,3K4OUUN0MNC4NGK528HDBR512BOCMT,Choose which video has the best performance,"Given two videos of a computer learning to play a video game, choose which video has the best performance.","video, classification, preferences, machine learning",$0.20,Mon Apr 29 12:08:26 PDT 2019,1,BatchId:3624797;OriginalHitTemplateId:928390922;,600,259200,Thu May 02 12:08:26 PDT 2019,,,3X1FV8S5JYIIR7KUEWD8SICVNJEVGE,A10O0G7G0J18GT,Submitted,Mon Apr 29 12:08:50 PDT 2019,Mon Apr 29 12:09:52 PDT 2019,Thu May 02 12:09:52 PDT 2019,,,,62,0% (0/0),0% (0/0),0% (0/0),https://raw.githubusercontent.com/dsbrown1331/TurkVideos/master/breakout_00250.mp4,https://raw.githubusercontent.com/dsbrown1331/TurkVideos/master/breakout_00100.mp4,A,,
33QQ60S6AS9JG4MF529ZMKS77MM0U2,3K4OUUN0MNC4NGK528HDBR512BOCMT,Choose which video has the best performance,"Given two videos of a computer learning to play a video game, choose which video has the best performance.","video, classification, preferences, machine learning",$0.20,Mon Apr 29 12:08:26 PDT 2019,1,BatchId:3624797;OriginalHitTemplateId:928390922;,600,259200,Thu May 02 12:08:26 PDT 2019,,,3EJPLAJKEN7X3Y0Y3GTP1XC2HGHZ6G,A23XGAACQZNKQV,Submitted,Mon Apr 29 12:09:32 PDT 2019,Mon Apr 29 12:10:19 PDT 2019,Thu May 02 12:10:19 PDT 2019,,,,47,0% (0/0),0% (0/0),0% (0/0),https://raw.githubusercontent.com/dsbrown1331/TurkVideos/master/breakout_00250.mp4,https://raw.githubusercontent.com/dsbrown1331/TurkVideos/master/breakout_00150.mp4,A,,
33KGGVH24U8B4X1S6QOMKWAL6W8X1T,3K4OUUN0MNC4NGK528HDBR512BOCMT,Choose which video has the best performance,"Given two videos of a computer learning to play a video game, choose which video has the best performance.","video, classification, preferences, machine learning",$0.20,Mon Apr 29 12:08:26 PDT 2019,1,BatchId:3624797;OriginalHitTemplateId:928390922;,600,259200,Thu May 02 12:08:26 PDT 2019,,,3ITXP059PXACQHTRS7T6E8K4G72SJB,A2U0JT7TSIIXPS,Submitted,Mon Apr 29 12:11:48 PDT 2019,Mon Apr 29 12:15:05 PDT 2019,Thu May 02 12:15:05 PDT 2019,,,,197,100% (1/1),0% (0/0),0% (0/0),https://raw.githubusercontent.com/dsbrown1331/TurkVideos/master/breakout_00250.mp4,https://raw.githubusercontent.com/dsbrown1331/TurkVideos/master/breakout_00200.mp4,A,,
3AC6MFV69K9BD3ML9XFS9463VL2ZHR,3K4OUUN0MNC4NGK528HDBR512BOCMT,Choose which video has the best performance,"Given two videos of a computer learning to play a video game, choose which video has the best performance.","video, classification, preferences, machine learning",$0.20,Mon Apr 29 12:08:26 PDT 2019,1,BatchId:3624797;OriginalHitTemplateId:928390922;,600,259200,Thu May 02 12:08:26 PDT 2019,,,3OB0CAO74IGDVXAA3DIAKHSQK0TYHP,A110KENBXU7SUJ,Submitted,Mon Apr 29 12:08:59 PDT 2019,Mon Apr 29 12:09:32 PDT 2019,Thu May 02 12:09:32 PDT 2019,,,,33,0% (0/0),0% (0/0),0% (0/0),https://raw.githubusercontent.com/dsbrown1331/TurkVideos/master/breakout_00250.mp4,https://raw.githubusercontent.com/dsbrown1331/TurkVideos/master/breakout_00300.mp4,A,,
3ECKRY5B1QNB9YX5FFXD9G7IVYHZIK,3K4OUUN0MNC4NGK528HDBR512BOCMT,Choose which video has the best performance,"Given two videos of a computer learning to play a video game, choose which video has the best performance.","video, classification, preferences, machine learning",$0.20,Mon Apr 29 12:08:26 PDT 2019,1,BatchId:3624797;OriginalHitTemplateId:928390922;,600,259200,Thu May 02 12:08:26 PDT 2019,,,3SB5N7Y3O4V2Y6JEBZPJ7PM5TN2G08,A2SO6K35NMGBB7,Submitted,Mon Apr 29 12:21:37 PDT 2019,Mon Apr 29 12:23:10 PDT 2019,Thu May 02 12:23:10 PDT 2019,,,,93,0% (0/0),0% (0/0),0% (0/0),https://raw.githubusercontent.com/dsbrown1331/TurkVideos/master/breakout_00250.mp4,https://raw.githubusercontent.com/dsbrown1331/TurkVideos/master/breakout_00350.mp4,A,,
309D674SHZCOEX8PHRLOCV2KRQCBCP,3K4OUUN0MNC4NGK528HDBR512BOCMT,Choose which video has the best performance,"Given two videos of a computer learning to play a video game, choose which video has the best performance.","video, classification, preferences, machine learning",$0.20,Mon Apr 29 12:08:26 PDT 2019,1,BatchId:3624797;OriginalHitTemplateId:928390922;,600,259200,Thu May 02 12:08:26 PDT 2019,,,3SPJ033422U9M350RDLVWU85XSXYJU,AWMO0GYE4AYF9,Submitted,Mon Apr 29 12:09:43 PDT 2019,Mon Apr 29 12:09:51 PDT 2019,Thu May 02 12:09:51 PDT 2019,,,,8,0% (0/0),0% (0/0),0% (0/0),https://raw.githubusercontent.com/dsbrown1331/TurkVideos/master/breakout_00250.mp4,https://raw.githubusercontent.com/dsbrown1331/TurkVideos/master/breakout_00400.mp4,B,,
32FESTC2NHH3AWHVHI2JHLU8GBIUCO,3K4OUUN0MNC4NGK528HDBR512BOCMT,Choose which video has the best performance,"Given two videos of a computer learning to play a video game, choose which video has the best performance.","video, classification, preferences, machine learning",$0.20,Mon Apr 29 12:08:26 PDT 2019,1,BatchId:3624797;OriginalHitTemplateId:928390922;,600,259200,Thu May 02 12:08:26 PDT 2019,,,3T3IWE1XG7EUR4AJCXI5LESCWL7QTO,A2MCG5W6LHSRG9,Submitted,Mon Apr 29 12:08:54 PDT 2019,Mon Apr 29 12:12:54 PDT 2019,Thu May 02 12:12:54 PDT 2019,,,,240,0% (0/0),0% (0/0),0% (0/0),https://raw.githubusercontent.com/dsbrown1331/TurkVideos/master/breakout_00250.mp4,https://raw.githubusercontent.com/dsbrown1331/TurkVideos/master/breakout_00450.mp4,A,,
3ZQX1VYFTDW6LO7L4KA5GT608YA8OK,3K4OUUN0MNC4NGK528HDBR512BOCMT,Choose which video has the best performance,"Given two videos of a computer learning to play a video game, choose which video has the best performance.","video, classification, preferences, machine learning",$0.20,Mon Apr 29 12:08:26 PDT 2019,1,BatchId:3624797;OriginalHitTemplateId:928390922;,600,259200,Thu May 02 12:08:26 PDT 2019,,,3JCG6DTRV4HHZOIRVTOAG9HPCE8QQA,A1NSHNH3MNFRGW,Submitted,Mon Apr 29 12:09:00 PDT 2019,Mon Apr 29 12:09:46 PDT 2019,Thu May 02 12:09:46 PDT 2019,,,,46,0% (0/0),0% (0/0),0% (0/0),https://raw.githubusercontent.com/dsbrown1331/TurkVideos/master/breakout_00250.mp4,https://raw.githubusercontent.com/dsbrown1331/TurkVideos/master/breakout_00500.mp4,B,,
3EQPA8A374N749HBXXIDLHMI8D6ZJW,3K4OUUN0MNC4NGK528HDBR512BOCMT,Choose which video has the best performance,"Given two videos of a computer learning to play a video game, choose which video has the best performance.","video, classification, preferences, machine learning",$0.20,Mon Apr 29 12:08:26 PDT 2019,1,BatchId:3624797;OriginalHitTemplateId:928390922;,600,259200,Thu May 02 12:08:26 PDT 2019,,,39LOEL67OTWJMJCTBOVEHA3E8G983F,ATBBPV37O4K6N,Submitted,Mon Apr 29 12:09:07 PDT 2019,Mon Apr 29 12:11:27 PDT 2019,Thu May 02 12:11:27 PDT 2019,,,,140,0% (0/0),0% (0/0),0% (0/0),https://raw.githubusercontent.com/dsbrown1331/TurkVideos/master/breakout_00250.mp4,https://raw.githubusercontent.com/dsbrown1331/TurkVideos/master/breakout_00550.mp4,B,,
3RWB1RTQDJEO6OJMJKNK5TBQI368P1,3K4OUUN0MNC4NGK528HDBR512BOCMT,Choose which video has the best performance,"Given two videos of a computer learning to play a video game, choose which video has the best performance.","video, classification, preferences, machine learning",$0.20,Mon Apr 29 12:08:26 PDT 2019,1,BatchId:3624797;OriginalHitTemplateId:928390922;,600,259200,Thu May 02 12:08:26 PDT 2019,,,3V0Z7YWSIZRSCDCNFHSJQEIUD0A2V3,A1VPJFCJDIXGW7,Submitted,Mon Apr 29 12:10:15 PDT 2019,Mon Apr 29 12:13:00 PDT 2019,Thu May 02 12:13:00 PDT 2019,,,,165,0% (0/0),0% (0/0),0% (0/0),https://raw.githubusercontent.com/dsbrown1331/TurkVideos/master/breakout_00250.mp4,https://raw.githubusercontent.com/dsbrown1331/TurkVideos/master/breakout_00600.mp4,B,,
3R0WOCG21M0DFON9HEXU1RCQ1BUUDO,3K4OUUN0MNC4NGK528HDBR512BOCMT,Choose which video has the best performance,"Given two videos of a computer learning to play a video game, choose which video has the best performance.","video, classification, preferences, machine learning",$0.20,Mon Apr 29 12:08:26 PDT 2019,1,BatchId:3624797;OriginalHitTemplateId:928390922;,600,259200,Thu May 02 12:08:26 PDT 2019,,,3MAOD8E57R1G5O6B1FRL6NID468NXH,A2SO6K35NMGBB7,Submitted,Mon Apr 29 12:09:01 PDT 2019,Mon Apr 29 12:10:08 PDT 2019,Thu May 02 12:10:08 PDT 2019,,,,67,0% (0/0),0% (0/0),0% (0/0),https://raw.githubusercontent.com/dsbrown1331/TurkVideos/master/breakout_00300.mp4,https://raw.githubusercontent.com/dsbrown1331/TurkVideos/master/breakout_00050.mp4,A,,
3CIS7GGG65AI7U19D98E79UB1NVUEH,3K4OUUN0MNC4NGK528HDBR512BOCMT,Choose which video has the best performance,"Given two videos of a computer learning to play a video game, choose which video has the best performance.","video, classification, preferences, machine learning",$0.20,Mon Apr 29 12:08:26 PDT 2019,1,BatchId:3624797;OriginalHitTemplateId:928390922;,600,259200,Thu May 02 12:08:26 PDT 2019,,,34S9DKFK74G55TWL6BDNP1PM6C2NYN,AWMO0GYE4AYF9,Submitted,Mon Apr 29 12:08:58 PDT 2019,Mon Apr 29 12:09:32 PDT 2019,Thu May 02 12:09:32 PDT 2019,,,,34,0% (0/0),0% (0/0),0% (0/0),https://raw.githubusercontent.com/dsbrown1331/TurkVideos/master/breakout_00300.mp4,https://raw.githubusercontent.com/dsbrown1331/TurkVideos/master/breakout_00100.mp4,B,,
3XABXM4AJ1W960K1JX295Y10NZS8QS,3K4OUUN0MNC4NGK528HDBR512BOCMT,Choose which video has the best performance,"Given two videos of a computer learning to play a video game, choose which video has the best performance.","video, classification, preferences, machine learning",$0.20,Mon Apr 29 12:08:26 PDT 2019,1,BatchId:3624797;OriginalHitTemplateId:928390922;,600,259200,Thu May 02 12:08:26 PDT 2019,,,35H6S234SBRZWKG9WSM9CT57GHA56G,A177EXELDLWTWV,Submitted,Mon Apr 29 12:08:57 PDT 2019,Mon Apr 29 12:10:47 PDT 2019,Thu May 02 12:10:47 PDT 2019,,,,110,0% (0/0),0% (0/0),0% (0/0),https://raw.githubusercontent.com/dsbrown1331/TurkVideos/master/breakout_00300.mp4,https://raw.githubusercontent.com/dsbrown1331/TurkVideos/master/breakout_00150.mp4,B,,
3SV8KD29L4J2FTNTFIIPMWMVN26ZKV,3K4OUUN0MNC4NGK528HDBR512BOCMT,Choose which video has the best performance,"Given two videos of a computer learning to play a video game, choose which video has the best performance.","video, classification, preferences, machine learning",$0.20,Mon Apr 29 12:08:26 PDT 2019,1,BatchId:3624797;OriginalHitTemplateId:928390922;,600,259200,Thu May 02 12:08:26 PDT 2019,,,32VNZTT0A8VAMKATAB6XIWQPC8SR4U,A3GS6JFQWU8C27,Submitted,Mon Apr 29 12:10:01 PDT 2019,Mon Apr 29 12:11:37 PDT 2019,Thu May 02 12:11:37 PDT 2019,,,,96,0% (0/0),0% (0/0),0% (0/0),https://raw.githubusercontent.com/dsbrown1331/TurkVideos/master/breakout_00300.mp4,https://raw.githubusercontent.com/dsbrown1331/TurkVideos/master/breakout_00200.mp4,B,,
3KQC8JMJGCJASAFSOQKJ531OGQ43HZ,3K4OUUN0MNC4NGK528HDBR512BOCMT,Choose which video has the best performance,"Given two videos of a computer learning to play a video game, choose which video has the best performance.","video, classification, preferences, machine learning",$0.20,Mon Apr 29 12:08:26 PDT 2019,1,BatchId:3624797;OriginalHitTemplateId:928390922;,600,259200,Thu May 02 12:08:26 PDT 2019,,,3JRJSWSMQIC0VKMKORHE9KZ0JJ73E9,A3HNEYFOIJWPH1,Submitted,Mon Apr 29 12:09:03 PDT 2019,Mon Apr 29 12:13:17 PDT 2019,Thu May 02 12:13:17 PDT 2019,,,,254,0% (0/0),0% (0/0),0% (0/0),https://raw.githubusercontent.com/dsbrown1331/TurkVideos/master/breakout_00300.mp4,https://raw.githubusercontent.com/dsbrown1331/TurkVideos/master/breakout_00250.mp4,B,,
3PUV2Q8SV4VYJPE3HNGZW1K2CQOBDP,3K4OUUN0MNC4NGK528HDBR512BOCMT,Choose which video has the best performance,"Given two videos of a computer learning to play a video game, choose which video has the best performance.","video, classification, preferences, machine learning",$0.20,Mon Apr 29 12:08:26 PDT 2019,1,BatchId:3624797;OriginalHitTemplateId:928390922;,600,259200,Thu May 02 12:08:26 PDT 2019,,,3ZQIG0FLQF7EOTAUT1HQELYJH74VWD,A2U83S62P8SZ6T,Submitted,Mon Apr 29 12:09:01 PDT 2019,Mon Apr 29 12:09:41 PDT 2019,Thu May 02 12:09:41 PDT 2019,,,,40,0% (0/0),0% (0/0),0% (0/0),https://raw.githubusercontent.com/dsbrown1331/TurkVideos/master/breakout_00300.mp4,https://raw.githubusercontent.com/dsbrown1331/TurkVideos/master/breakout_00350.mp4,B,,
3XEIP58NL0EDZZ5B0IUQ1WZAC2BZLY,3K4OUUN0MNC4NGK528HDBR512BOCMT,Choose which video has the best performance,"Given two videos of a computer learning to play a video game, choose which video has the best performance.","video, classification, preferences, machine learning",$0.20,Mon Apr 29 12:08:26 PDT 2019,1,BatchId:3624797;OriginalHitTemplateId:928390922;,600,259200,Thu May 02 12:08:26 PDT 2019,,,3LPW2N6LKUTKYV6ASAKCSZJNJ3S5UI,A23954R5J40QR0,Submitted,Mon Apr 29 12:09:28 PDT 2019,Mon Apr 29 12:09:53 PDT 2019,Thu May 02 12:09:53 PDT 2019,,,,25,0% (0/0),0% (0/0),0% (0/0),https://raw.githubusercontent.com/dsbrown1331/TurkVideos/master/breakout_00300.mp4,https://raw.githubusercontent.com/dsbrown1331/TurkVideos/master/breakout_00400.mp4,B,,
3ACRLU860N53BVS3DIRJ2J2NC2PBEI,3K4OUUN0MNC4NGK528HDBR512BOCMT,Choose which video has the best performance,"Given two videos of a computer learning to play a video game, choose which video has the best performance.","video, classification, preferences, machine learning",$0.20,Mon Apr 29 12:08:26 PDT 2019,1,BatchId:3624797;OriginalHitTemplateId:928390922;,600,259200,Thu May 02 12:08:26 PDT 2019,,,3GD6L00D3TO2X50IILREYZPCU1K1M4,A2XFO0X6RCS98M,Submitted,Mon Apr 29 12:09:09 PDT 2019,Mon Apr 29 12:12:10 PDT 2019,Thu May 02 12:12:10 PDT 2019,,,,181,0% (0/0),0% (0/0),0% (0/0),https://raw.githubusercontent.com/dsbrown1331/TurkVideos/master/breakout_00300.mp4,https://raw.githubusercontent.com/dsbrown1331/TurkVideos/master/breakout_00450.mp4,B,,
3P458N04Q18ITIJOPUO0PFKQY2MX2A,3K4OUUN0MNC4NGK528HDBR512BOCMT,Choose which video has the best performance,"Given two videos of a computer learning to play a video game, choose which video has the best performance.","video, classification, preferences, machine learning",$0.20,Mon Apr 29 12:08:26 PDT 2019,1,BatchId:3624797;OriginalHitTemplateId:928390922;,600,259200,Thu May 02 12:08:26 PDT 2019,,,379J5II41P7HBOC9UXLE56THJ5XLE4,A2UTDZAZV1DF0N,Submitted,Mon Apr 29 12:08:44 PDT 2019,Mon Apr 29 12:11:39 PDT 2019,Thu May 02 12:11:39 PDT 2019,,,,175,0% (0/0),0% (0/0),0% (0/0),https://raw.githubusercontent.com/dsbrown1331/TurkVideos/master/breakout_00300.mp4,https://raw.githubusercontent.com/dsbrown1331/TurkVideos/master/breakout_00500.mp4,B,,
3UEBBGULPFFAD8158KSKPRFBDOAUFZ,3K4OUUN0MNC4NGK528HDBR512BOCMT,Choose which video has the best performance,"Given two videos of a computer learning to play a video game, choose which video has the best performance.","video, classification, preferences, machine learning",$0.20,Mon Apr 29 12:08:26 PDT 2019,1,BatchId:3624797;OriginalHitTemplateId:928390922;,600,259200,Thu May 02 12:08:26 PDT 2019,,,3TY7ZAOG5GB70SFX1QAY5HEY04J0KV,A1PUHCEBSOWETV,Submitted,Mon Apr 29 12:08:43 PDT 2019,Mon Apr 29 12:10:53 PDT 2019,Thu May 02 12:10:53 PDT 2019,,,,130,0% (0/0),0% (0/0),0% (0/0),https://raw.githubusercontent.com/dsbrown1331/TurkVideos/master/breakout_00300.mp4,https://raw.githubusercontent.com/dsbrown1331/TurkVideos/master/breakout_00550.mp4,B,,
3BA7SXOG1JH9I1Z1WCR9AOB5JLU8RT,3K4OUUN0MNC4NGK528HDBR512BOCMT,Choose which video has the best performance,"Given two videos of a computer learning to play a video game, choose which video has the best performance.","video, classification, preferences, machine learning",$0.20,Mon Apr 29 12:08:26 PDT 2019,1,BatchId:3624797;OriginalHitTemplateId:928390922;,600,259200,Thu May 02 12:08:26 PDT 2019,,,30IQTZXKALXDKSE409PNVBM0WDY0XK,A177EXELDLWTWV,Submitted,Mon Apr 29 12:08:56 PDT 2019,Mon Apr 29 12:09:57 PDT 2019,Thu May 02 12:09:57 PDT 2019,,,,61,0% (0/0),0% (0/0),0% (0/0),https://raw.githubusercontent.com/dsbrown1331/TurkVideos/master/breakout_00300.mp4,https://raw.githubusercontent.com/dsbrown1331/TurkVideos/master/breakout_00600.mp4,B,,
3EAWOID6MTOJTJBFASJ4I6UQLTV0VR,3K4OUUN0MNC4NGK528HDBR512BOCMT,Choose which video has the best performance,"Given two videos of a computer learning to play a video game, choose which video has the best performance.","video, classification, preferences, machine learning",$0.20,Mon Apr 29 12:08:26 PDT 2019,1,BatchId:3624797;OriginalHitTemplateId:928390922;,600,259200,Thu May 02 12:08:26 PDT 2019,,,3OHYZ19UGDWMRWYURKZK147KTV4OAT,A177EXELDLWTWV,Submitted,Mon Apr 29 12:09:05 PDT 2019,Mon Apr 29 12:11:16 PDT 2019,Thu May 02 12:11:16 PDT 2019,,,,131,0% (0/0),0% (0/0),0% (0/0),https://raw.githubusercontent.com/dsbrown1331/TurkVideos/master/breakout_00350.mp4,https://raw.githubusercontent.com/dsbrown1331/TurkVideos/master/breakout_00050.mp4,B,,
3QXFBUZ4ZK7GR8X0J4Y27CFNE3AUGY,3K4OUUN0MNC4NGK528HDBR512BOCMT,Choose which video has the best performance,"Given two videos of a computer learning to play a video game, choose which video has the best performance.","video, classification, preferences, machine learning",$0.20,Mon Apr 29 12:08:26 PDT 2019,1,BatchId:3624797;OriginalHitTemplateId:928390922;,600,259200,Thu May 02 12:08:26 PDT 2019,,,34Z02EIMIT463B5KVZOQ681UJHA0T1,A2MCG5W6LHSRG9,Submitted,Mon Apr 29 12:08:52 PDT 2019,Mon Apr 29 12:09:33 PDT 2019,Thu May 02 12:09:33 PDT 2019,,,,41,0% (0/0),0% (0/0),0% (0/0),https://raw.githubusercontent.com/dsbrown1331/TurkVideos/master/breakout_00350.mp4,https://raw.githubusercontent.com/dsbrown1331/TurkVideos/master/breakout_00100.mp4,A,,
30P8I9JKOICIOQXG7YPGZ1QH2165VH,3K4OUUN0MNC4NGK528HDBR512BOCMT,Choose which video has the best performance,"Given two videos of a computer learning to play a video game, choose which video has the best performance.","video, classification, preferences, machine learning",$0.20,Mon Apr 29 12:08:26 PDT 2019,1,BatchId:3624797;OriginalHitTemplateId:928390922;,600,259200,Thu May 02 12:08:26 PDT 2019,,,3MRNMEIQW6XCJIY9Y2AUZOBWJTWLDB,A2BZY06YRWGEDL,Submitted,Mon Apr 29 12:18:50 PDT 2019,Mon Apr 29 12:23:33 PDT 2019,Thu May 02 12:23:33 PDT 2019,,,,283,0% (0/0),0% (0/0),0% (0/0),https://raw.githubusercontent.com/dsbrown1331/TurkVideos/master/breakout_00350.mp4,https://raw.githubusercontent.com/dsbrown1331/TurkVideos/master/breakout_00150.mp4,B,,
3KVQ0UJWPXCV3FXLX8UCL39V9A85WR,3K4OUUN0MNC4NGK528HDBR512BOCMT,Choose which video has the best performance,"Given two videos of a computer learning to play a video game, choose which video has the best performance.","video, classification, preferences, machine learning",$0.20,Mon Apr 29 12:08:26 PDT 2019,1,BatchId:3624797;OriginalHitTemplateId:928390922;,600,259200,Thu May 02 12:08:26 PDT 2019,,,31LVTDXBL816KSHEG35E4DS0YUOLRI,A2XFO0X6RCS98M,Submitted,Mon Apr 29 12:09:43 PDT 2019,Mon Apr 29 12:13:01 PDT 2019,Thu May 02 12:13:01 PDT 2019,,,,198,0% (0/0),0% (0/0),0% (0/0),https://raw.githubusercontent.com/dsbrown1331/TurkVideos/master/breakout_00350.mp4,https://raw.githubusercontent.com/dsbrown1331/TurkVideos/master/breakout_00200.mp4,A,,
3S8APUMBJXAVH9SZ8TBPK1NNO34BF0,3K4OUUN0MNC4NGK528HDBR512BOCMT,Choose which video has the best performance,"Given two videos of a computer learning to play a video game, choose which video has the best performance.","video, classification, preferences, machine learning",$0.20,Mon Apr 29 12:08:26 PDT 2019,1,BatchId:3624797;OriginalHitTemplateId:928390922;,600,259200,Thu May 02 12:08:26 PDT 2019,,,3U0SRXB7CEWW8SKZSGLTH5WP3PNNRL,A2MCG5W6LHSRG9,Submitted,Mon Apr 29 12:08:52 PDT 2019,Mon Apr 29 12:10:02 PDT 2019,Thu May 02 12:10:02 PDT 2019,,,,70,0% (0/0),0% (0/0),0% (0/0),https://raw.githubusercontent.com/dsbrown1331/TurkVideos/master/breakout_00350.mp4,https://raw.githubusercontent.com/dsbrown1331/TurkVideos/master/breakout_00250.mp4,B,,
3QTFNPMJC693NZ8WCVA5EO3ZHXBZN0,3K4OUUN0MNC4NGK528HDBR512BOCMT,Choose which video has the best performance,"Given two videos of a computer learning to play a video game, choose which video has the best performance.","video, classification, preferences, machine learning",$0.20,Mon Apr 29 12:08:26 PDT 2019,1,BatchId:3624797;OriginalHitTemplateId:928390922;,600,259200,Thu May 02 12:08:26 PDT 2019,,,3BV8HQ2ZZXSW2QSQRODQK4LT8VEA6U,A100Y89FZO4J0B,Submitted,Mon Apr 29 12:19:32 PDT 2019,Mon Apr 29 12:27:03 PDT 2019,Thu May 02 12:27:03 PDT 2019,,,,451,0% (0/0),0% (0/0),0% (0/0),https://raw.githubusercontent.com/dsbrown1331/TurkVideos/master/breakout_00350.mp4,https://raw.githubusercontent.com/dsbrown1331/TurkVideos/master/breakout_00300.mp4,A,,
3VLL1PIENQFL5K88DAAITD3477GZOF,3K4OUUN0MNC4NGK528HDBR512BOCMT,Choose which video has the best performance,"Given two videos of a computer learning to play a video game, choose which video has the best performance.","video, classification, preferences, machine learning",$0.20,Mon Apr 29 12:08:26 PDT 2019,1,BatchId:3624797;OriginalHitTemplateId:928390922;,600,259200,Thu May 02 12:08:26 PDT 2019,,,339ANSOTR6TI7NWD5GZ4BLEUMY3KID,A110KENBXU7SUJ,Submitted,Mon Apr 29 12:19:43 PDT 2019,Mon Apr 29 12:23:50 PDT 2019,Thu May 02 12:23:50 PDT 2019,,,,247,0% (0/0),0% (0/0),0% (0/0),https://raw.githubusercontent.com/dsbrown1331/TurkVideos/master/breakout_00350.mp4,https://raw.githubusercontent.com/dsbrown1331/TurkVideos/master/breakout_00400.mp4,B,,
3NI0WFPPI97YETWE9KBW6EER404606,3K4OUUN0MNC4NGK528HDBR512BOCMT,Choose which video has the best performance,"Given two videos of a computer learning to play a video game, choose which video has the best performance.","video, classification, preferences, machine learning",$0.20,Mon Apr 29 12:08:28 PDT 2019,1,BatchId:3624797;OriginalHitTemplateId:928390922;,600,259200,Thu May 02 12:08:28 PDT 2019,,,3FUI0JHJPYPXLM6NZ70IQTV3SUH33I,A3NZAEOHAO5LT6,Submitted,Mon Apr 29 12:08:56 PDT 2019,Mon Apr 29 12:09:45 PDT 2019,Thu May 02 12:09:45 PDT 2019,,,,49,0% (0/0),0% (0/0),0% (0/0),https://raw.githubusercontent.com/dsbrown1331/TurkVideos/master/breakout_00350.mp4,https://raw.githubusercontent.com/dsbrown1331/TurkVideos/master/breakout_00450.mp4,B,,
3Y7LTZE0YTDGIPS59WMRSJVTPT4ZUS,3K4OUUN0MNC4NGK528HDBR512BOCMT,Choose which video has the best performance,"Given two videos of a computer learning to play a video game, choose which video has the best performance.","video, classification, preferences, machine learning",$0.20,Mon Apr 29 12:08:28 PDT 2019,1,BatchId:3624797;OriginalHitTemplateId:928390922;,600,259200,Thu May 02 12:08:28 PDT 2019,,,3FIJLY1B6VVZ8NR3H0YR45N10GHFPI,A1VPJFCJDIXGW7,Submitted,Mon Apr 29 12:20:25 PDT 2019,Mon Apr 29 12:21:53 PDT 2019,Thu May 02 12:21:53 PDT 2019,,,,88,0% (0/0),0% (0/0),0% (0/0),https://raw.githubusercontent.com/dsbrown1331/TurkVideos/master/breakout_00350.mp4,https://raw.githubusercontent.com/dsbrown1331/TurkVideos/master/breakout_00500.mp4,B,,
3NRZ1LDP7WX3QKK9SANXID8UHCCZPW,3K4OUUN0MNC4NGK528HDBR512BOCMT,Choose which video has the best performance,"Given two videos of a computer learning to play a video game, choose which video has the best performance.","video, classification, preferences, machine learning",$0.20,Mon Apr 29 12:08:26 PDT 2019,1,BatchId:3624797;OriginalHitTemplateId:928390922;,600,259200,Thu May 02 12:08:26 PDT 2019,,,3Q8GYXHFEQTOC1PA6JZCYTXHC3L5C8,A3HNEYFOIJWPH1,Submitted,Mon Apr 29 12:09:01 PDT 2019,Mon Apr 29 12:11:04 PDT 2019,Thu May 02 12:11:04 PDT 2019,,,,123,0% (0/0),0% (0/0),0% (0/0),https://raw.githubusercontent.com/dsbrown1331/TurkVideos/master/breakout_00350.mp4,https://raw.githubusercontent.com/dsbrown1331/TurkVideos/master/breakout_00550.mp4,B,,
3D1TUISJWIRUNZ3V9SY5SOS3TG2UIQ,3K4OUUN0MNC4NGK528HDBR512BOCMT,Choose which video has the best performance,"Given two videos of a computer learning to play a video game, choose which video has the best performance.","video, classification, preferences, machine learning",$0.20,Mon Apr 29 12:08:26 PDT 2019,1,BatchId:3624797;OriginalHitTemplateId:928390922;,600,259200,Thu May 02 12:08:26 PDT 2019,,,3CCZ6YKWR8AME3I7UZPLW3W96II59R,A1J4AZL6MZ675U,Submitted,Mon Apr 29 12:08:58 PDT 2019,Mon Apr 29 12:14:25 PDT 2019,Thu May 02 12:14:25 PDT 2019,,,,327,0% (0/0),0% (0/0),0% (0/0),https://raw.githubusercontent.com/dsbrown1331/TurkVideos/master/breakout_00350.mp4,https://raw.githubusercontent.com/dsbrown1331/TurkVideos/master/breakout_00600.mp4,A,,
3QD8LUVX4XPASF2B7DQYNMN2ICE5XK,3K4OUUN0MNC4NGK528HDBR512BOCMT,Choose which video has the best performance,"Given two videos of a computer learning to play a video game, choose which video has the best performance.","video, classification, preferences, machine learning",$0.20,Mon Apr 29 12:08:26 PDT 2019,1,BatchId:3624797;OriginalHitTemplateId:928390922;,600,259200,Thu May 02 12:08:26 PDT 2019,,,3QBD8R3Z22A7P7IDIJPTO1LK1L8O4I,A3HNEYFOIJWPH1,Submitted,Mon Apr 29 12:09:02 PDT 2019,Mon Apr 29 12:12:32 PDT 2019,Thu May 02 12:12:32 PDT 2019,,,,210,0% (0/0),0% (0/0),0% (0/0),https://raw.githubusercontent.com/dsbrown1331/TurkVideos/master/breakout_00400.mp4,https://raw.githubusercontent.com/dsbrown1331/TurkVideos/master/breakout_00050.mp4,A,,
38VTL6WC4A4ZSKSLC9C060UBKI85YQ,3K4OUUN0MNC4NGK528HDBR512BOCMT,Choose which video has the best performance,"Given two videos of a computer learning to play a video game, choose which video has the best performance.","video, classification, preferences, machine learning",$0.20,Mon Apr 29 12:08:26 PDT 2019,1,BatchId:3624797;OriginalHitTemplateId:928390922;,600,259200,Thu May 02 12:08:26 PDT 2019,,,39LOEL67OTWJMJCTBOVEHA3E8G938A,A2XFO0X6RCS98M,Submitted,Mon Apr 29 12:09:02 PDT 2019,Mon Apr 29 12:10:48 PDT 2019,Thu May 02 12:10:48 PDT 2019,,,,106,0% (0/0),0% (0/0),0% (0/0),https://raw.githubusercontent.com/dsbrown1331/TurkVideos/master/breakout_00400.mp4,https://raw.githubusercontent.com/dsbrown1331/TurkVideos/master/breakout_00100.mp4,A,,
37VE3DA4YU8FV5J53JZPNMZ04IHBHY,3K4OUUN0MNC4NGK528HDBR512BOCMT,Choose which video has the best performance,"Given two videos of a computer learning to play a video game, choose which video has the best performance.","video, classification, preferences, machine learning",$0.20,Mon Apr 29 12:08:26 PDT 2019,1,BatchId:3624797;OriginalHitTemplateId:928390922;,600,259200,Thu May 02 12:08:26 PDT 2019,,,3WQ3B2KGE976EEWLRW15KJEII2G1BF,A3HNEYFOIJWPH1,Submitted,Mon Apr 29 12:09:04 PDT 2019,Mon Apr 29 12:14:44 PDT 2019,Thu May 02 12:14:44 PDT 2019,,,,340,0% (0/0),0% (0/0),0% (0/0),https://raw.githubusercontent.com/dsbrown1331/TurkVideos/master/breakout_00400.mp4,https://raw.githubusercontent.com/dsbrown1331/TurkVideos/master/breakout_00150.mp4,A,,
33NOQL7T9OQIKSLS6TLMWRD4S2D8ZM,3K4OUUN0MNC4NGK528HDBR512BOCMT,Choose which video has the best performance,"Given two videos of a computer learning to play a video game, choose which video has the best performance.","video, classification, preferences, machine learning",$0.20,Mon Apr 29 12:08:28 PDT 2019,1,BatchId:3624797;OriginalHitTemplateId:928390922;,600,259200,Thu May 02 12:08:28 PDT 2019,,,39JEC7537VS5AV4PCAHP2RRGPRMVC4,A2DNLHS1RSTF5R,Submitted,Mon Apr 29 12:18:50 PDT 2019,Mon Apr 29 12:22:04 PDT 2019,Thu May 02 12:22:04 PDT 2019,,,,194,0% (0/0),0% (0/0),0% (0/0),https://raw.githubusercontent.com/dsbrown1331/TurkVideos/master/breakout_00400.mp4,https://raw.githubusercontent.com/dsbrown1331/TurkVideos/master/breakout_00200.mp4,Not sure,,
3N7PQ0KLI5GY80OQYPCDK04BOACE3U,3K4OUUN0MNC4NGK528HDBR512BOCMT,Choose which video has the best performance,"Given two videos of a computer learning to play a video game, choose which video has the best performance.","video, classification, preferences, machine learning",$0.20,Mon Apr 29 12:08:28 PDT 2019,1,BatchId:3624797;OriginalHitTemplateId:928390922;,600,259200,Thu May 02 12:08:28 PDT 2019,,,3UWN2HHPUZW897KC75LY7F1LPR6NS9,A35ROC8J91VOW0,Submitted,Mon Apr 29 12:08:53 PDT 2019,Mon Apr 29 12:09:57 PDT 2019,Thu May 02 12:09:57 PDT 2019,,,,64,0% (0/0),0% (0/0),0% (0/0),https://raw.githubusercontent.com/dsbrown1331/TurkVideos/master/breakout_00400.mp4,https://raw.githubusercontent.com/dsbrown1331/TurkVideos/master/breakout_00250.mp4,B,,
307L9TDWJYJ22613ROFWANYK22D3N8,3K4OUUN0MNC4NGK528HDBR512BOCMT,Choose which video has the best performance,"Given two videos of a computer learning to play a video game, choose which video has the best performance.","video, classification, preferences, machine learning",$0.20,Mon Apr 29 12:08:27 PDT 2019,1,BatchId:3624797;OriginalHitTemplateId:928390922;,600,259200,Thu May 02 12:08:27 PDT 2019,,,3IGI0VL648BTBFSJ0O4PNARKS23NOC,A1F2VHKMDWEA2X,Submitted,Mon Apr 29 12:08:51 PDT 2019,Mon Apr 29 12:12:11 PDT 2019,Thu May 02 12:12:11 PDT 2019,,,,200,0% (0/0),0% (0/0),0% (0/0),https://raw.githubusercontent.com/dsbrown1331/TurkVideos/master/breakout_00400.mp4,https://raw.githubusercontent.com/dsbrown1331/TurkVideos/master/breakout_00300.mp4,A,,
33W1NHWFYHC1ICDG9RWHNN9R6FXZT1,3K4OUUN0MNC4NGK528HDBR512BOCMT,Choose which video has the best performance,"Given two videos of a computer learning to play a video game, choose which video has the best performance.","video, classification, preferences, machine learning",$0.20,Mon Apr 29 12:08:27 PDT 2019,1,BatchId:3624797;OriginalHitTemplateId:928390922;,600,259200,Thu May 02 12:08:27 PDT 2019,,,39OWYR0EPLITH1J48NUAHWGD4LGYFR,A19CB2C4GY4C60,Submitted,Mon Apr 29 12:09:08 PDT 2019,Mon Apr 29 12:12:15 PDT 2019,Thu May 02 12:12:15 PDT 2019,,,,187,0% (0/0),0% (0/0),0% (0/0),https://raw.githubusercontent.com/dsbrown1331/TurkVideos/master/breakout_00400.mp4,https://raw.githubusercontent.com/dsbrown1331/TurkVideos/master/breakout_00350.mp4,B,,
3RKHNXPHGWNLTUTJ9VJH547GLKRUK1,3K4OUUN0MNC4NGK528HDBR512BOCMT,Choose which video has the best performance,"Given two videos of a computer learning to play a video game, choose which video has the best performance.","video, classification, preferences, machine learning",$0.20,Mon Apr 29 12:08:27 PDT 2019,1,BatchId:3624797;OriginalHitTemplateId:928390922;,600,259200,Thu May 02 12:08:27 PDT 2019,,,3DY4FPOOA2F9GXT8U77KRMQ2PSPVRA,A147F5PJTHOB8A,Submitted,Mon Apr 29 12:09:14 PDT 2019,Mon Apr 29 12:10:04 PDT 2019,Thu May 02 12:10:04 PDT 2019,,,,50,0% (0/0),0% (0/0),0% (0/0),https://raw.githubusercontent.com/dsbrown1331/TurkVideos/master/breakout_00400.mp4,https://raw.githubusercontent.com/dsbrown1331/TurkVideos/master/breakout_00450.mp4,B,,
386659BNTL8377VH3EZFBINAWPO103,3K4OUUN0MNC4NGK528HDBR512BOCMT,Choose which video has the best performance,"Given two videos of a computer learning to play a video game, choose which video has the best performance.","video, classification, preferences, machine learning",$0.20,Mon Apr 29 12:08:27 PDT 2019,1,BatchId:3624797;OriginalHitTemplateId:928390922;,600,259200,Thu May 02 12:08:27 PDT 2019,,,3TMSXRD2X7RY2HUWMNX17XR3S3XW1P,A3HNEYFOIJWPH1,Submitted,Mon Apr 29 12:09:04 PDT 2019,Mon Apr 29 12:14:09 PDT 2019,Thu May 02 12:14:09 PDT 2019,,,,305,0% (0/0),0% (0/0),0% (0/0),https://raw.githubusercontent.com/dsbrown1331/TurkVideos/master/breakout_00400.mp4,https://raw.githubusercontent.com/dsbrown1331/TurkVideos/master/breakout_00500.mp4,B,,
3L2OEKSTW91IF2BNA7J3IK42M898YV,3K4OUUN0MNC4NGK528HDBR512BOCMT,Choose which video has the best performance,"Given two videos of a computer learning to play a video game, choose which video has the best performance.","video, classification, preferences, machine learning",$0.20,Mon Apr 29 12:08:28 PDT 2019,1,BatchId:3624797;OriginalHitTemplateId:928390922;,600,259200,Thu May 02 12:08:28 PDT 2019,,,37Z929RLGAZ64KPW417AGE7DE9STSG,A1DUPOUC9RNU4L,Submitted,Mon Apr 29 12:09:09 PDT 2019,Mon Apr 29 12:11:11 PDT 2019,Thu May 02 12:11:11 PDT 2019,,,,122,0% (0/0),0% (0/0),0% (0/0),https://raw.githubusercontent.com/dsbrown1331/TurkVideos/master/breakout_00400.mp4,https://raw.githubusercontent.com/dsbrown1331/TurkVideos/master/breakout_00550.mp4,B,,
3QD8LUVX4XPASF2B7DQYNMN2ICDX5B,3K4OUUN0MNC4NGK528HDBR512BOCMT,Choose which video has the best performance,"Given two videos of a computer learning to play a video game, choose which video has the best performance.","video, classification, preferences, machine learning",$0.20,Mon Apr 29 12:08:28 PDT 2019,1,BatchId:3624797;OriginalHitTemplateId:928390922;,600,259200,Thu May 02 12:08:28 PDT 2019,,,3OE22WJIGJF9RHP8C28FQAEEFZEQUF,A1WITZW60TXTBS,Submitted,Mon Apr 29 12:09:27 PDT 2019,Mon Apr 29 12:11:00 PDT 2019,Thu May 02 12:11:00 PDT 2019,,,,93,0% (0/0),0% (0/0),0% (0/0),https://raw.githubusercontent.com/dsbrown1331/TurkVideos/master/breakout_00400.mp4,https://raw.githubusercontent.com/dsbrown1331/TurkVideos/master/breakout_00600.mp4,B,,
3HY86PZXPY92YXABBLYUW7PEQQYE12,3K4OUUN0MNC4NGK528HDBR512BOCMT,Choose which video has the best performance,"Given two videos of a computer learning to play a video game, choose which video has the best performance.","video, classification, preferences, machine learning",$0.20,Mon Apr 29 12:08:28 PDT 2019,1,BatchId:3624797;OriginalHitTemplateId:928390922;,600,259200,Thu May 02 12:08:28 PDT 2019,,,30LB5CDZND12PNEJ1RD8SW2B4DW0ZH,A2MCG5W6LHSRG9,Submitted,Mon Apr 29 12:08:58 PDT 2019,Mon Apr 29 12:13:27 PDT 2019,Thu May 02 12:13:27 PDT 2019,,,,269,0% (0/0),0% (0/0),0% (0/0),https://raw.githubusercontent.com/dsbrown1331/TurkVideos/master/breakout_00450.mp4,https://raw.githubusercontent.com/dsbrown1331/TurkVideos/master/breakout_00050.mp4,A,,
39RRBHZ0AUSGV4H5EMWWO5XC30DZVH,3K4OUUN0MNC4NGK528HDBR512BOCMT,Choose which video has the best performance,"Given two videos of a computer learning to play a video game, choose which video has the best performance.","video, classification, preferences, machine learning",$0.20,Mon Apr 29 12:08:28 PDT 2019,1,BatchId:3624797;OriginalHitTemplateId:928390922;,600,259200,Thu May 02 12:08:28 PDT 2019,,,3MHW492WW14IJHGGPZB35NWSJ5QVMM,A1VPJFCJDIXGW7,Submitted,Mon Apr 29 12:08:55 PDT 2019,Mon Apr 29 12:10:06 PDT 2019,Thu May 02 12:10:06 PDT 2019,,,,71,0% (0/0),0% (0/0),0% (0/0),https://raw.githubusercontent.com/dsbrown1331/TurkVideos/master/breakout_00450.mp4,https://raw.githubusercontent.com/dsbrown1331/TurkVideos/master/breakout_00100.mp4,A,,
3B9XR6P1WEMBMBEVRJ2AZZFFHALBJ3,3K4OUUN0MNC4NGK528HDBR512BOCMT,Choose which video has the best performance,"Given two videos of a computer learning to play a video game, choose which video has the best performance.","video, classification, preferences, machine learning",$0.20,Mon Apr 29 12:08:28 PDT 2019,1,BatchId:3624797;OriginalHitTemplateId:928390922;,600,259200,Thu May 02 12:08:28 PDT 2019,,,33F859I5674HIPHZTL4QC6UPZRCHBU,A2FDEBTHDRUHRK,Submitted,Mon Apr 29 12:10:14 PDT 2019,Mon Apr 29 12:12:05 PDT 2019,Thu May 02 12:12:05 PDT 2019,,,,111,0% (0/0),0% (0/0),0% (0/0),https://raw.githubusercontent.com/dsbrown1331/TurkVideos/master/breakout_00450.mp4,https://raw.githubusercontent.com/dsbrown1331/TurkVideos/master/breakout_00150.mp4,B,,
3TX9T2ZCB9STATHA4W1SA7GQA9FZWR,3K4OUUN0MNC4NGK528HDBR512BOCMT,Choose which video has the best performance,"Given two videos of a computer learning to play a video game, choose which video has the best performance.","video, classification, preferences, machine learning",$0.20,Mon Apr 29 12:08:28 PDT 2019,1,BatchId:3624797;OriginalHitTemplateId:928390922;,600,259200,Thu May 02 12:08:28 PDT 2019,,,3Y54SXRO1MCMJXH0T62AVFP1Z6DTUW,A3HNEYFOIJWPH1,Submitted,Mon Apr 29 12:09:08 PDT 2019,Mon Apr 29 12:18:20 PDT 2019,Thu May 02 12:18:20 PDT 2019,,,,552,0% (0/0),0% (0/0),0% (0/0),https://raw.githubusercontent.com/dsbrown1331/TurkVideos/master/breakout_00450.mp4,https://raw.githubusercontent.com/dsbrown1331/TurkVideos/master/breakout_00200.mp4,B,,
3M4KL7H8KVEYLIHW53FWKJX19SA619,3K4OUUN0MNC4NGK528HDBR512BOCMT,Choose which video has the best performance,"Given two videos of a computer learning to play a video game, choose which video has the best performance.","video, classification, preferences, machine learning",$0.20,Mon Apr 29 12:08:28 PDT 2019,1,BatchId:3624797;OriginalHitTemplateId:928390922;,600,259200,Thu May 02 12:08:28 PDT 2019,,,3I7DHKZYGORVFD9KXLPD6ZIK9GD5FJ,A19CB2C4GY4C60,Submitted,Mon Apr 29 12:09:02 PDT 2019,Mon Apr 29 12:10:45 PDT 2019,Thu May 02 12:10:45 PDT 2019,,,,103,0% (0/0),0% (0/0),0% (0/0),https://raw.githubusercontent.com/dsbrown1331/TurkVideos/master/breakout_00450.mp4,https://raw.githubusercontent.com/dsbrown1331/TurkVideos/master/breakout_00250.mp4,B,,
35ZRNT9RUIPKKR1FS3F9PCYPSCI3ON,3K4OUUN0MNC4NGK528HDBR512BOCMT,Choose which video has the best performance,"Given two videos of a computer learning to play a video game, choose which video has the best performance.","video, classification, preferences, machine learning",$0.20,Mon Apr 29 12:08:28 PDT 2019,1,BatchId:3624797;OriginalHitTemplateId:928390922;,600,259200,Thu May 02 12:08:28 PDT 2019,,,3U088ZLJVLKYVS9EQ4T1TS8TNBS0WR,A1J4AZL6MZ675U,Submitted,Mon Apr 29 12:08:55 PDT 2019,Mon Apr 29 12:13:25 PDT 2019,Thu May 02 12:13:25 PDT 2019,,,,270,0% (0/0),0% (0/0),0% (0/0),https://raw.githubusercontent.com/dsbrown1331/TurkVideos/master/breakout_00450.mp4,https://raw.githubusercontent.com/dsbrown1331/TurkVideos/master/breakout_00300.mp4,A,,
37SQU136V7F3EWGZZX3FPN6K1HU116,3K4OUUN0MNC4NGK528HDBR512BOCMT,Choose which video has the best performance,"Given two videos of a computer learning to play a video game, choose which video has the best performance.","video, classification, preferences, machine learning",$0.20,Mon Apr 29 12:08:28 PDT 2019,1,BatchId:3624797;OriginalHitTemplateId:928390922;,600,259200,Thu May 02 12:08:28 PDT 2019,,,3R6P78PK7L23EFG591DTR0OAQYYTGW,A2MCG5W6LHSRG9,Submitted,Mon Apr 29 12:08:58 PDT 2019,Mon Apr 29 12:13:56 PDT 2019,Thu May 02 12:13:56 PDT 2019,,,,298,0% (0/0),0% (0/0),0% (0/0),https://raw.githubusercontent.com/dsbrown1331/TurkVideos/master/breakout_00450.mp4,https://raw.githubusercontent.com/dsbrown1331/TurkVideos/master/breakout_00350.mp4,B,,
3CZH926SIC5JQW7UY3HWU5WH2A8E4F,3K4OUUN0MNC4NGK528HDBR512BOCMT,Choose which video has the best performance,"Given two videos of a computer learning to play a video game, choose which video has the best performance.","video, classification, preferences, machine learning",$0.20,Mon Apr 29 12:08:28 PDT 2019,1,BatchId:3624797;OriginalHitTemplateId:928390922;,600,259200,Thu May 02 12:08:28 PDT 2019,,,3VSOLARPKC0J0OV3GG1SH6YPSMR39Z,A1J4AZL6MZ675U,Submitted,Mon Apr 29 12:09:02 PDT 2019,Mon Apr 29 12:15:57 PDT 2019,Thu May 02 12:15:57 PDT 2019,,,,415,0% (0/0),0% (0/0),0% (0/0),https://raw.githubusercontent.com/dsbrown1331/TurkVideos/master/breakout_00450.mp4,https://raw.githubusercontent.com/dsbrown1331/TurkVideos/master/breakout_00400.mp4,Not sure,,
38O9DZ0A62E5A3ZSO7FAP2761YO62Q,3K4OUUN0MNC4NGK528HDBR512BOCMT,Choose which video has the best performance,"Given two videos of a computer learning to play a video game, choose which video has the best performance.","video, classification, preferences, machine learning",$0.20,Mon Apr 29 12:08:28 PDT 2019,1,BatchId:3624797;OriginalHitTemplateId:928390922;,600,259200,Thu May 02 12:08:28 PDT 2019,,,3JMSRU9HQJLK7TO381NKSFRJA3ZVEX,AB5TLEEKFWLFP,Submitted,Mon Apr 29 12:08:50 PDT 2019,Mon Apr 29 12:09:44 PDT 2019,Thu May 02 12:09:44 PDT 2019,,,,54,0% (0/0),0% (0/0),0% (0/0),https://raw.githubusercontent.com/dsbrown1331/TurkVideos/master/breakout_00450.mp4,https://raw.githubusercontent.com/dsbrown1331/TurkVideos/master/breakout_00500.mp4,B,,
3X55NP42EO725RDG73SOEC3F2HE3P4,3K4OUUN0MNC4NGK528HDBR512BOCMT,Choose which video has the best performance,"Given two videos of a computer learning to play a video game, choose which video has the best performance.","video, classification, preferences, machine learning",$0.20,Mon Apr 29 12:08:28 PDT 2019,1,BatchId:3624797;OriginalHitTemplateId:928390922;,600,259200,Thu May 02 12:08:28 PDT 2019,,,3SBEHTYCWOUDRSLU9V0VKTT5KD8YII,A3OEAL8C5R4YCQ,Submitted,Mon Apr 29 12:09:02 PDT 2019,Mon Apr 29 12:10:02 PDT 2019,Thu May 02 12:10:02 PDT 2019,,,,60,0% (0/0),0% (0/0),0% (0/0),https://raw.githubusercontent.com/dsbrown1331/TurkVideos/master/breakout_00450.mp4,https://raw.githubusercontent.com/dsbrown1331/TurkVideos/master/breakout_00550.mp4,A,,
33J5JKFMK6PN53EV7G7DEHTP7D03QV,3K4OUUN0MNC4NGK528HDBR512BOCMT,Choose which video has the best performance,"Given two videos of a computer learning to play a video game, choose which video has the best performance.","video, classification, preferences, machine learning",$0.20,Mon Apr 29 12:08:28 PDT 2019,1,BatchId:3624797;OriginalHitTemplateId:928390922;,600,259200,Thu May 02 12:08:28 PDT 2019,,,3DBQWDE4Y7P735M1V98QE4RTB72N5B,A1AZLJ3R5FQ9B7,Submitted,Mon Apr 29 12:19:54 PDT 2019,Mon Apr 29 12:23:25 PDT 2019,Thu May 02 12:23:25 PDT 2019,,,,211,0% (0/0),0% (0/0),0% (0/0),https://raw.githubusercontent.com/dsbrown1331/TurkVideos/master/breakout_00450.mp4,https://raw.githubusercontent.com/dsbrown1331/TurkVideos/master/breakout_00600.mp4,B,,
3SD15I2WD2LUVLVBS7TF8CCY7CO631,3K4OUUN0MNC4NGK528HDBR512BOCMT,Choose which video has the best performance,"Given two videos of a computer learning to play a video game, choose which video has the best performance.","video, classification, preferences, machine learning",$0.20,Mon Apr 29 12:08:28 PDT 2019,1,BatchId:3624797;OriginalHitTemplateId:928390922;,600,259200,Thu May 02 12:08:28 PDT 2019,,,3P59JYT76MBDZL8YAMS4PWU9GFU2TN,A177EXELDLWTWV,Submitted,Mon Apr 29 12:09:10 PDT 2019,Mon Apr 29 12:11:28 PDT 2019,Thu May 02 12:11:28 PDT 2019,,,,138,0% (0/0),0% (0/0),0% (0/0),https://raw.githubusercontent.com/dsbrown1331/TurkVideos/master/breakout_00500.mp4,https://raw.githubusercontent.com/dsbrown1331/TurkVideos/master/breakout_00050.mp4,A,,
3HXCEECSQMKXZYCAJXJGV416LHFZYQ,3K4OUUN0MNC4NGK528HDBR512BOCMT,Choose which video has the best performance,"Given two videos of a computer learning to play a video game, choose which video has the best performance.","video, classification, preferences, machine learning",$0.20,Mon Apr 29 12:08:28 PDT 2019,1,BatchId:3624797;OriginalHitTemplateId:928390922;,600,259200,Thu May 02 12:08:28 PDT 2019,,,3YOH7BII0AYNTTGD4NYNQA4OU0VVKH,A3TENM9AR1GFNN,Submitted,Mon Apr 29 12:08:53 PDT 2019,Mon Apr 29 12:10:10 PDT 2019,Thu May 02 12:10:10 PDT 2019,,,,77,0% (0/0),0% (0/0),0% (0/0),https://raw.githubusercontent.com/dsbrown1331/TurkVideos/master/breakout_00500.mp4,https://raw.githubusercontent.com/dsbrown1331/TurkVideos/master/breakout_00100.mp4,A,,
3IWA71V4TI76BJ2PCW03FS12E7OX6R,3K4OUUN0MNC4NGK528HDBR512BOCMT,Choose which video has the best performance,"Given two videos of a computer learning to play a video game, choose which video has the best performance.","video, classification, preferences, machine learning",$0.20,Mon Apr 29 12:08:28 PDT 2019,1,BatchId:3624797;OriginalHitTemplateId:928390922;,600,259200,Thu May 02 12:08:28 PDT 2019,,,3U8YCDAGXQ7TBVDSEVUV13Q7ZAB0QN,A2U0JT7TSIIXPS,Submitted,Mon Apr 29 12:08:59 PDT 2019,Mon Apr 29 12:12:13 PDT 2019,Thu May 02 12:12:13 PDT 2019,,,,194,100% (1/1),0% (0/0),0% (0/0),https://raw.githubusercontent.com/dsbrown1331/TurkVideos/master/breakout_00500.mp4,https://raw.githubusercontent.com/dsbrown1331/TurkVideos/master/breakout_00150.mp4,A,,
3TZDZ3Y0JSXL31JU3AI84TO3ZTI91N,3K4OUUN0MNC4NGK528HDBR512BOCMT,Choose which video has the best performance,"Given two videos of a computer learning to play a video game, choose which video has the best performance.","video, classification, preferences, machine learning",$0.20,Mon Apr 29 12:08:28 PDT 2019,1,BatchId:3624797;OriginalHitTemplateId:928390922;,600,259200,Thu May 02 12:08:28 PDT 2019,,,3I0BTBYZAYC2KX4E55BPEPT9YJS0YQ,A3DKFBFK3FA3MA,Submitted,Mon Apr 29 12:09:08 PDT 2019,Mon Apr 29 12:09:57 PDT 2019,Thu May 02 12:09:57 PDT 2019,,,,49,0% (0/0),0% (0/0),0% (0/0),https://raw.githubusercontent.com/dsbrown1331/TurkVideos/master/breakout_00500.mp4,https://raw.githubusercontent.com/dsbrown1331/TurkVideos/master/breakout_00200.mp4,A,,
3ZICQFRS319X4OMFFJLZ9BA8RBJZZH,3K4OUUN0MNC4NGK528HDBR512BOCMT,Choose which video has the best performance,"Given two videos of a computer learning to play a video game, choose which video has the best performance.","video, classification, preferences, machine learning",$0.20,Mon Apr 29 12:08:28 PDT 2019,1,BatchId:3624797;OriginalHitTemplateId:928390922;,600,259200,Thu May 02 12:08:28 PDT 2019,,,3LRKMWOKB689LXHXGEHMBKVQ1BG2Z3,A2MCG5W6LHSRG9,Submitted,Mon Apr 29 12:08:53 PDT 2019,Mon Apr 29 12:10:56 PDT 2019,Thu May 02 12:10:56 PDT 2019,,,,123,0% (0/0),0% (0/0),0% (0/0),https://raw.githubusercontent.com/dsbrown1331/TurkVideos/master/breakout_00500.mp4,https://raw.githubusercontent.com/dsbrown1331/TurkVideos/master/breakout_00250.mp4,A,,
3FCO4VKOZ44G9JPD01F3XHGRTCYE7Z,3K4OUUN0MNC4NGK528HDBR512BOCMT,Choose which video has the best performance,"Given two videos of a computer learning to play a video game, choose which video has the best performance.","video, classification, preferences, machine learning",$0.20,Mon Apr 29 12:08:28 PDT 2019,1,BatchId:3624797;OriginalHitTemplateId:928390922;,600,259200,Thu May 02 12:08:28 PDT 2019,,,3SKRO2GZ72I77H0FX9EYJMX85WP1KZ,A3HNEYFOIJWPH1,Submitted,Mon Apr 29 12:09:06 PDT 2019,Mon Apr 29 12:17:02 PDT 2019,Thu May 02 12:17:02 PDT 2019,,,,476,0% (0/0),0% (0/0),0% (0/0),https://raw.githubusercontent.com/dsbrown1331/TurkVideos/master/breakout_00500.mp4,https://raw.githubusercontent.com/dsbrown1331/TurkVideos/master/breakout_00300.mp4,A,,
31YWE12TE03PFJGUV65VL61Y9I8X7Q,3K4OUUN0MNC4NGK528HDBR512BOCMT,Choose which video has the best performance,"Given two videos of a computer learning to play a video game, choose which video has the best performance.","video, classification, preferences, machine learning",$0.20,Mon Apr 29 12:08:28 PDT 2019,1,BatchId:3624797;OriginalHitTemplateId:928390922;,600,259200,Thu May 02 12:08:28 PDT 2019,,,3E1QT0TDFQ0YCMUCWR21LG53RY68IF,A2SO6K35NMGBB7,Submitted,Mon Apr 29 12:09:32 PDT 2019,Mon Apr 29 12:11:22 PDT 2019,Thu May 02 12:11:22 PDT 2019,,,,110,0% (0/0),0% (0/0),0% (0/0),https://raw.githubusercontent.com/dsbrown1331/TurkVideos/master/breakout_00500.mp4,https://raw.githubusercontent.com/dsbrown1331/TurkVideos/master/breakout_00350.mp4,A,,
3H5TOKO3D9AFDHEFSLYYIH44LCK64M,3K4OUUN0MNC4NGK528HDBR512BOCMT,Choose which video has the best performance,"Given two videos of a computer learning to play a video game, choose which video has the best performance.","video, classification, preferences, machine learning",$0.20,Mon Apr 29 12:08:28 PDT 2019,1,BatchId:3624797;OriginalHitTemplateId:928390922;,600,259200,Thu May 02 12:08:28 PDT 2019,,,3ZPPDN2SLWNMAMB050IO0X2MJBKE94,A110KENBXU7SUJ,Submitted,Mon Apr 29 12:19:21 PDT 2019,Mon Apr 29 12:23:24 PDT 2019,Thu May 02 12:23:24 PDT 2019,,,,243,0% (0/0),0% (0/0),0% (0/0),https://raw.githubusercontent.com/dsbrown1331/TurkVideos/master/breakout_00500.mp4,https://raw.githubusercontent.com/dsbrown1331/TurkVideos/master/breakout_00400.mp4,A,,
3HFWPF5AK9AZIJT8ZKWI9H8QP1L3SK,3K4OUUN0MNC4NGK528HDBR512BOCMT,Choose which video has the best performance,"Given two videos of a computer learning to play a video game, choose which video has the best performance.","video, classification, preferences, machine learning",$0.20,Mon Apr 29 12:08:28 PDT 2019,1,BatchId:3624797;OriginalHitTemplateId:928390922;,600,259200,Thu May 02 12:08:28 PDT 2019,,,3Y4W8Q93L0BFFNA3C6C0MX9YARYVD4,A1J4AZL6MZ675U,Submitted,Mon Apr 29 12:08:48 PDT 2019,Mon Apr 29 12:12:03 PDT 2019,Thu May 02 12:12:03 PDT 2019,,,,195,0% (0/0),0% (0/0),0% (0/0),https://raw.githubusercontent.com/dsbrown1331/TurkVideos/master/breakout_00500.mp4,https://raw.githubusercontent.com/dsbrown1331/TurkVideos/master/breakout_00450.mp4,A,,
39XCQ6V3KYVX90IF6QH8N9AIL8F65R,3K4OUUN0MNC4NGK528HDBR512BOCMT,Choose which video has the best performance,"Given two videos of a computer learning to play a video game, choose which video has the best performance.","video, classification, preferences, machine learning",$0.20,Mon Apr 29 12:08:28 PDT 2019,1,BatchId:3624797;OriginalHitTemplateId:928390922;,600,259200,Thu May 02 12:08:28 PDT 2019,,,3Q5C1WP23NS4PYFCQMASHXEQ86U51I,ACAD54DT9FU7U,Submitted,Mon Apr 29 12:08:51 PDT 2019,Mon Apr 29 12:11:21 PDT 2019,Thu May 02 12:11:21 PDT 2019,,,,150,0% (0/0),0% (0/0),0% (0/0),https://raw.githubusercontent.com/dsbrown1331/TurkVideos/master/breakout_00500.mp4,https://raw.githubusercontent.com/dsbrown1331/TurkVideos/master/breakout_00550.mp4,A,,
3FJ2RVH25ZXSSM1QMEIM9CY8RZW924,3K4OUUN0MNC4NGK528HDBR512BOCMT,Choose which video has the best performance,"Given two videos of a computer learning to play a video game, choose which video has the best performance.","video, classification, preferences, machine learning",$0.20,Mon Apr 29 12:08:28 PDT 2019,1,BatchId:3624797;OriginalHitTemplateId:928390922;,600,259200,Thu May 02 12:08:28 PDT 2019,,,31QTRG6Q2U458E8YMQQFTQUH6R3YPU,A2GZNOA5CIVKUB,Submitted,Mon Apr 29 12:09:03 PDT 2019,Mon Apr 29 12:09:46 PDT 2019,Thu May 02 12:09:46 PDT 2019,,,,43,0% (0/0),0% (0/0),0% (0/0),https://raw.githubusercontent.com/dsbrown1331/TurkVideos/master/breakout_00500.mp4,https://raw.githubusercontent.com/dsbrown1331/TurkVideos/master/breakout_00600.mp4,B,,
39KMGHJ4RZ130IAZ7VVFXD40RXI00Z,3K4OUUN0MNC4NGK528HDBR512BOCMT,Choose which video has the best performance,"Given two videos of a computer learning to play a video game, choose which video has the best performance.","video, classification, preferences, machine learning",$0.20,Mon Apr 29 12:08:28 PDT 2019,1,BatchId:3624797;OriginalHitTemplateId:928390922;,600,259200,Thu May 02 12:08:28 PDT 2019,,,31EUONYN2WU6JK1S2FQGXRLXE55VO1,A177EXELDLWTWV,Submitted,Mon Apr 29 12:08:56 PDT 2019,Mon Apr 29 12:10:21 PDT 2019,Thu May 02 12:10:21 PDT 2019,,,,85,0% (0/0),0% (0/0),0% (0/0),https://raw.githubusercontent.com/dsbrown1331/TurkVideos/master/breakout_00550.mp4,https://raw.githubusercontent.com/dsbrown1331/TurkVideos/master/breakout_00050.mp4,A,,
3HYV4299H0NK9XUWA679BHCM4W4E8M,3K4OUUN0MNC4NGK528HDBR512BOCMT,Choose which video has the best performance,"Given two videos of a computer learning to play a video game, choose which video has the best performance.","video, classification, preferences, machine learning",$0.20,Mon Apr 29 12:08:28 PDT 2019,1,BatchId:3624797;OriginalHitTemplateId:928390922;,600,259200,Thu May 02 12:08:28 PDT 2019,,,3X87C8JFV72TC4X4NXDFB9WQU2TQSZ,A2MCG5W6LHSRG9,Submitted,Mon Apr 29 12:08:53 PDT 2019,Mon Apr 29 12:11:25 PDT 2019,Thu May 02 12:11:25 PDT 2019,,,,152,0% (0/0),0% (0/0),0% (0/0),https://raw.githubusercontent.com/dsbrown1331/TurkVideos/master/breakout_00550.mp4,https://raw.githubusercontent.com/dsbrown1331/TurkVideos/master/breakout_00100.mp4,A,,
3DA79LNS59M0XJ6NOK18JM4CRKZ3T9,3K4OUUN0MNC4NGK528HDBR512BOCMT,Choose which video has the best performance,"Given two videos of a computer learning to play a video game, choose which video has the best performance.","video, classification, preferences, machine learning",$0.20,Mon Apr 29 12:08:28 PDT 2019,1,BatchId:3624797;OriginalHitTemplateId:928390922;,600,259200,Thu May 02 12:08:28 PDT 2019,,,3180JW2OT53BKFVGGBGYLXAC2NU5JM,A3HNEYFOIJWPH1,Submitted,Mon Apr 29 12:09:05 PDT 2019,Mon Apr 29 12:15:22 PDT 2019,Thu May 02 12:15:22 PDT 2019,,,,377,0% (0/0),0% (0/0),0% (0/0),https://raw.githubusercontent.com/dsbrown1331/TurkVideos/master/breakout_00550.mp4,https://raw.githubusercontent.com/dsbrown1331/TurkVideos/master/breakout_00150.mp4,A,,
335VBRURDJRKN2D6FYDNBD7XO2ME9B,3K4OUUN0MNC4NGK528HDBR512BOCMT,Choose which video has the best performance,"Given two videos of a computer learning to play a video game, choose which video has the best performance.","video, classification, preferences, machine learning",$0.20,Mon Apr 29 12:08:28 PDT 2019,1,BatchId:3624797;OriginalHitTemplateId:928390922;,600,259200,Thu May 02 12:08:28 PDT 2019,,,3YT88D1N09P3HKEUKDSH7FC53G33KT,A2RQZJV3501QIH,Submitted,Mon Apr 29 12:09:26 PDT 2019,Mon Apr 29 12:10:55 PDT 2019,Thu May 02 12:10:55 PDT 2019,,,,89,0% (0/0),0% (0/0),0% (0/0),https://raw.githubusercontent.com/dsbrown1331/TurkVideos/master/breakout_00550.mp4,https://raw.githubusercontent.com/dsbrown1331/TurkVideos/master/breakout_00200.mp4,A,,
33K3E8REWWMTFXLD5BX1Z6XTK2EX8D,3K4OUUN0MNC4NGK528HDBR512BOCMT,Choose which video has the best performance,"Given two videos of a computer learning to play a video game, choose which video has the best performance.","video, classification, preferences, machine learning",$0.20,Mon Apr 29 12:08:28 PDT 2019,1,BatchId:3624797;OriginalHitTemplateId:928390922;,600,259200,Thu May 02 12:08:28 PDT 2019,,,3DPNQGW4LM6H01C9IN3Z71ZTGLF46A,A147F5PJTHOB8A,Submitted,Mon Apr 29 12:09:33 PDT 2019,Mon Apr 29 12:10:27 PDT 2019,Thu May 02 12:10:27 PDT 2019,,,,54,0% (0/0),0% (0/0),0% (0/0),https://raw.githubusercontent.com/dsbrown1331/TurkVideos/master/breakout_00550.mp4,https://raw.githubusercontent.com/dsbrown1331/TurkVideos/master/breakout_00250.mp4,B,,
386659BNTL8377VH3EZFBINAWPO012,3K4OUUN0MNC4NGK528HDBR512BOCMT,Choose which video has the best performance,"Given two videos of a computer learning to play a video game, choose which video has the best performance.","video, classification, preferences, machine learning",$0.20,Mon Apr 29 12:08:28 PDT 2019,1,BatchId:3624797;OriginalHitTemplateId:928390922;,600,259200,Thu May 02 12:08:28 PDT 2019,,,3WR9XG3T642041QE1X8RDFZPBWZ74C,A2DNLHS1RSTF5R,Submitted,Mon Apr 29 12:11:58 PDT 2019,Mon Apr 29 12:16:45 PDT 2019,Thu May 02 12:16:45 PDT 2019,,,,287,0% (0/0),0% (0/0),0% (0/0),https://raw.githubusercontent.com/dsbrown1331/TurkVideos/master/breakout_00550.mp4,https://raw.githubusercontent.com/dsbrown1331/TurkVideos/master/breakout_00300.mp4,A,,
3Z8UJEJOCZ4HD4X9QEWRSM30XDW93F,3K4OUUN0MNC4NGK528HDBR512BOCMT,Choose which video has the best performance,"Given two videos of a computer learning to play a video game, choose which video has the best performance.","video, classification, preferences, machine learning",$0.20,Mon Apr 29 12:08:28 PDT 2019,1,BatchId:3624797;OriginalHitTemplateId:928390922;,600,259200,Thu May 02 12:08:28 PDT 2019,,,36AHBNMV1S3WJH58HHZKTWDSS81DYW,A8TIL9U6YHG5,Submitted,Mon Apr 29 12:09:43 PDT 2019,Mon Apr 29 12:11:33 PDT 2019,Thu May 02 12:11:33 PDT 2019,,,,110,0% (0/0),0% (0/0),0% (0/0),https://raw.githubusercontent.com/dsbrown1331/TurkVideos/master/breakout_00550.mp4,https://raw.githubusercontent.com/dsbrown1331/TurkVideos/master/breakout_00350.mp4,A,,
3O0M2G5VC6T2V0GDQS1A2RV6BDS940,3K4OUUN0MNC4NGK528HDBR512BOCMT,Choose which video has the best performance,"Given two videos of a computer learning to play a video game, choose which video has the best performance.","video, classification, preferences, machine learning",$0.20,Mon Apr 29 12:08:28 PDT 2019,1,BatchId:3624797;OriginalHitTemplateId:928390922;,600,259200,Thu May 02 12:08:28 PDT 2019,,,3XCC1ODXDM2HBPXR88DALZRU80AQRB,A1SOQ9Q35SASE4,Submitted,Mon Apr 29 12:08:48 PDT 2019,Mon Apr 29 12:10:08 PDT 2019,Thu May 02 12:10:08 PDT 2019,,,,80,0% (0/0),0% (0/0),0% (0/0),https://raw.githubusercontent.com/dsbrown1331/TurkVideos/master/breakout_00550.mp4,https://raw.githubusercontent.com/dsbrown1331/TurkVideos/master/breakout_00400.mp4,Not sure,,
3TCFMTM8HEFA3HYVI13TU6GPTN812N,3K4OUUN0MNC4NGK528HDBR512BOCMT,Choose which video has the best performance,"Given two videos of a computer learning to play a video game, choose which video has the best performance.","video, classification, preferences, machine learning",$0.20,Mon Apr 29 12:08:28 PDT 2019,1,BatchId:3624797;OriginalHitTemplateId:928390922;,600,259200,Thu May 02 12:08:28 PDT 2019,,,3TR2532VIQL73JVULUQ3D3OCYI5J6G,A110KENBXU7SUJ,Submitted,Mon Apr 29 12:09:54 PDT 2019,Mon Apr 29 12:13:03 PDT 2019,Thu May 02 12:13:03 PDT 2019,,,,189,0% (0/0),0% (0/0),0% (0/0),https://raw.githubusercontent.com/dsbrown1331/TurkVideos/master/breakout_00550.mp4,https://raw.githubusercontent.com/dsbrown1331/TurkVideos/master/breakout_00450.mp4,A,,
3D17ECOUOEMZOZUEM1HYDGLHZ1813Y,3K4OUUN0MNC4NGK528HDBR512BOCMT,Choose which video has the best performance,"Given two videos of a computer learning to play a video game, choose which video has the best performance.","video, classification, preferences, machine learning",$0.20,Mon Apr 29 12:08:29 PDT 2019,1,BatchId:3624797;OriginalHitTemplateId:928390922;,600,259200,Thu May 02 12:08:29 PDT 2019,,,3S4AW7T80C9ZJMFG5R91WKHQ6G54LJ,A2U0JT7TSIIXPS,Submitted,Mon Apr 29 12:13:31 PDT 2019,Mon Apr 29 12:17:32 PDT 2019,Thu May 02 12:17:32 PDT 2019,,,,241,100% (1/1),0% (0/0),0% (0/0),https://raw.githubusercontent.com/dsbrown1331/TurkVideos/master/breakout_00550.mp4,https://raw.githubusercontent.com/dsbrown1331/TurkVideos/master/breakout_00500.mp4,B,,
3A520CCNWNRYSLNB74RN78IHUK4EAQ,3K4OUUN0MNC4NGK528HDBR512BOCMT,Choose which video has the best performance,"Given two videos of a computer learning to play a video game, choose which video has the best performance.","video, classification, preferences, machine learning",$0.20,Mon Apr 29 12:08:29 PDT 2019,1,BatchId:3624797;OriginalHitTemplateId:928390922;,600,259200,Thu May 02 12:08:29 PDT 2019,,,3P529IW9KZC9H2C5P85KNOEHV6CLFM,A1J4AZL6MZ675U,Submitted,Mon Apr 29 12:08:45 PDT 2019,Mon Apr 29 12:11:03 PDT 2019,Thu May 02 12:11:03 PDT 2019,,,,138,0% (0/0),0% (0/0),0% (0/0),https://raw.githubusercontent.com/dsbrown1331/TurkVideos/master/breakout_00550.mp4,https://raw.githubusercontent.com/dsbrown1331/TurkVideos/master/breakout_00600.mp4,B,,
3GS542CVJVEKRJKD4XKK7J1KB9N955,3K4OUUN0MNC4NGK528HDBR512BOCMT,Choose which video has the best performance,"Given two videos of a computer learning to play a video game, choose which video has the best performance.","video, classification, preferences, machine learning",$0.20,Mon Apr 29 12:08:29 PDT 2019,1,BatchId:3624797;OriginalHitTemplateId:928390922;,600,259200,Thu May 02 12:08:29 PDT 2019,,,3I3WADAZ9RVPLQMDWO83TTRY1H3O5N,A27NBGO9FXJS8Q,Submitted,Mon Apr 29 12:09:03 PDT 2019,Mon Apr 29 12:14:45 PDT 2019,Thu May 02 12:14:45 PDT 2019,,,,342,0% (0/0),0% (0/0),0% (0/0),https://raw.githubusercontent.com/dsbrown1331/TurkVideos/master/breakout_00600.mp4,https://raw.githubusercontent.com/dsbrown1331/TurkVideos/master/breakout_00050.mp4,Not sure,,
3EFNPKWBMSFZHA9WQIDYZB27U9203U,3K4OUUN0MNC4NGK528HDBR512BOCMT,Choose which video has the best performance,"Given two videos of a computer learning to play a video game, choose which video has the best performance.","video, classification, preferences, machine learning",$0.20,Mon Apr 29 12:08:29 PDT 2019,1,BatchId:3624797;OriginalHitTemplateId:928390922;,600,259200,Thu May 02 12:08:29 PDT 2019,,,3HMIGG0U4MXK2M9H09O474ZRHH3Y8A,A100Y89FZO4J0B,Submitted,Mon Apr 29 12:13:00 PDT 2019,Mon Apr 29 12:14:31 PDT 2019,Thu May 02 12:14:31 PDT 2019,,,,91,0% (0/0),0% (0/0),0% (0/0),https://raw.githubusercontent.com/dsbrown1331/TurkVideos/master/breakout_00600.mp4,https://raw.githubusercontent.com/dsbrown1331/TurkVideos/master/breakout_00100.mp4,A,,
337F8MIIMZ4KZ6S0QWIH9GUD89Y04F,3K4OUUN0MNC4NGK528HDBR512BOCMT,Choose which video has the best performance,"Given two videos of a computer learning to play a video game, choose which video has the best performance.","video, classification, preferences, machine learning",$0.20,Mon Apr 29 12:08:29 PDT 2019,1,BatchId:3624797;OriginalHitTemplateId:928390922;,600,259200,Thu May 02 12:08:29 PDT 2019,,,3ZY8KE4ISKU94WE8HSIKMWGXT6NQV4,A110KENBXU7SUJ,Submitted,Mon Apr 29 12:10:36 PDT 2019,Mon Apr 29 12:13:26 PDT 2019,Thu May 02 12:13:26 PDT 2019,,,,170,0% (0/0),0% (0/0),0% (0/0),https://raw.githubusercontent.com/dsbrown1331/TurkVideos/master/breakout_00600.mp4,https://raw.githubusercontent.com/dsbrown1331/TurkVideos/master/breakout_00150.mp4,A,,
3UXQ63NLAADHH12VU4ENFES7LZQBL5,3K4OUUN0MNC4NGK528HDBR512BOCMT,Choose which video has the best performance,"Given two videos of a computer learning to play a video game, choose which video has the best performance.","video, classification, preferences, machine learning",$0.20,Mon Apr 29 12:08:29 PDT 2019,1,BatchId:3624797;OriginalHitTemplateId:928390922;,600,259200,Thu May 02 12:08:29 PDT 2019,,,3M0BCWMB8WNZFFCOOKQQD94CEFOWB8,A1VPJFCJDIXGW7,Submitted,Mon Apr 29 12:09:22 PDT 2019,Mon Apr 29 12:11:10 PDT 2019,Thu May 02 12:11:10 PDT 2019,,,,108,0% (0/0),0% (0/0),0% (0/0),https://raw.githubusercontent.com/dsbrown1331/TurkVideos/master/breakout_00600.mp4,https://raw.githubusercontent.com/dsbrown1331/TurkVideos/master/breakout_00200.mp4,B,,
38LRF35D5LNFXWLCOPRIOIQEAY63U0,3K4OUUN0MNC4NGK528HDBR512BOCMT,Choose which video has the best performance,"Given two videos of a computer learning to play a video game, choose which video has the best performance.","video, classification, preferences, machine learning",$0.20,Mon Apr 29 12:08:29 PDT 2019,1,BatchId:3624797;OriginalHitTemplateId:928390922;,600,259200,Thu May 02 12:08:29 PDT 2019,,,3AZHRG4CU5B14U7QGKIZOVXWPIX30N,A2MCG5W6LHSRG9,Submitted,Mon Apr 29 12:08:54 PDT 2019,Mon Apr 29 12:12:20 PDT 2019,Thu May 02 12:12:20 PDT 2019,,,,206,0% (0/0),0% (0/0),0% (0/0),https://raw.githubusercontent.com/dsbrown1331/TurkVideos/master/breakout_00600.mp4,https://raw.githubusercontent.com/dsbrown1331/TurkVideos/master/breakout_00250.mp4,B,,
38B7Q9C28GWGANKR9GUPZPFK74Y96L,3K4OUUN0MNC4NGK528HDBR512BOCMT,Choose which video has the best performance,"Given two videos of a computer learning to play a video game, choose which video has the best performance.","video, classification, preferences, machine learning",$0.20,Mon Apr 29 12:08:29 PDT 2019,1,BatchId:3624797;OriginalHitTemplateId:928390922;,600,259200,Thu May 02 12:08:29 PDT 2019,,,374TNBHA8CMQ8Q9DM354TVKRBNPYQL,A2XFO0X6RCS98M,Submitted,Mon Apr 29 12:09:05 PDT 2019,Mon Apr 29 12:11:16 PDT 2019,Thu May 02 12:11:16 PDT 2019,,,,131,0% (0/0),0% (0/0),0% (0/0),https://raw.githubusercontent.com/dsbrown1331/TurkVideos/master/breakout_00600.mp4,https://raw.githubusercontent.com/dsbrown1331/TurkVideos/master/breakout_00300.mp4,A,,
3ACRLU860N53BVS3DIRJ2J2NC2PEBL,3K4OUUN0MNC4NGK528HDBR512BOCMT,Choose which video has the best performance,"Given two videos of a computer learning to play a video game, choose which video has the best performance.","video, classification, preferences, machine learning",$0.20,Mon Apr 29 12:08:29 PDT 2019,1,BatchId:3624797;OriginalHitTemplateId:928390922;,600,259200,Thu May 02 12:08:29 PDT 2019,,,3K4J6M3CXFKYZJHW31MCWVYI29EGAZ,A1VPJFCJDIXGW7,Submitted,Mon Apr 29 12:10:36 PDT 2019,Mon Apr 29 12:13:56 PDT 2019,Thu May 02 12:13:56 PDT 2019,,,,200,0% (0/0),0% (0/0),0% (0/0),https://raw.githubusercontent.com/dsbrown1331/TurkVideos/master/breakout_00600.mp4,https://raw.githubusercontent.com/dsbrown1331/TurkVideos/master/breakout_00350.mp4,B,,
3NCN4N1H1G87515G6HU2S6WWQUQBN7,3K4OUUN0MNC4NGK528HDBR512BOCMT,Choose which video has the best performance,"Given two videos of a computer learning to play a video game, choose which video has the best performance.","video, classification, preferences, machine learning",$0.20,Mon Apr 29 12:08:29 PDT 2019,1,BatchId:3624797;OriginalHitTemplateId:928390922;,600,259200,Thu May 02 12:08:29 PDT 2019,,,3HVVDCPGTFJ3061537ZZY0VEVUOYTZ,A38DC3BG1ZCVZ2,Submitted,Mon Apr 29 12:09:08 PDT 2019,Mon Apr 29 12:12:46 PDT 2019,Thu May 02 12:12:46 PDT 2019,,,,218,0% (0/0),0% (0/0),0% (0/0),https://raw.githubusercontent.com/dsbrown1331/TurkVideos/master/breakout_00600.mp4,https://raw.githubusercontent.com/dsbrown1331/TurkVideos/master/breakout_00400.mp4,A,,
36MUZ9VAE6TWQSQNREIPX9QNFN1EDS,3K4OUUN0MNC4NGK528HDBR512BOCMT,Choose which video has the best performance,"Given two videos of a computer learning to play a video game, choose which video has the best performance.","video, classification, preferences, machine learning",$0.20,Mon Apr 29 12:08:29 PDT 2019,1,BatchId:3624797;OriginalHitTemplateId:928390922;,600,259200,Thu May 02 12:08:29 PDT 2019,,,3KAKFY4PGVTCBPO6KA75UZXSBCE3II,A5KXHNBJZOGWO,Submitted,Mon Apr 29 12:09:10 PDT 2019,Mon Apr 29 12:09:37 PDT 2019,Thu May 02 12:09:37 PDT 2019,,,,27,0% (0/0),0% (0/0),0% (0/0),https://raw.githubusercontent.com/dsbrown1331/TurkVideos/master/breakout_00600.mp4,https://raw.githubusercontent.com/dsbrown1331/TurkVideos/master/breakout_00450.mp4,A,,
3PR3LXCWSFQTT24NA33FZ2S448WX92,3K4OUUN0MNC4NGK528HDBR512BOCMT,Choose which video has the best performance,"Given two videos of a computer learning to play a video game, choose which video has the best performance.","video, classification, preferences, machine learning",$0.20,Mon Apr 29 12:08:29 PDT 2019,1,BatchId:3624797;OriginalHitTemplateId:928390922;,600,259200,Thu May 02 12:08:29 PDT 2019,,,3ZAK8W07I55L3OK9V4E0B4NW2VH0US,A2MCG5W6LHSRG9,Submitted,Mon Apr 29 12:08:53 PDT 2019,Mon Apr 29 12:11:52 PDT 2019,Thu May 02 12:11:52 PDT 2019,,,,179,0% (0/0),0% (0/0),0% (0/0),https://raw.githubusercontent.com/dsbrown1331/TurkVideos/master/breakout_00600.mp4,https://raw.githubusercontent.com/dsbrown1331/TurkVideos/master/breakout_00500.mp4,B,,
3R4QIDVOJP31IY4NN9T93R88FZ2EEL,3K4OUUN0MNC4NGK528HDBR512BOCMT,Choose which video has the best performance,"Given two videos of a computer learning to play a video game, choose which video has the best performance.","video, classification, preferences, machine learning",$0.20,Mon Apr 29 12:08:29 PDT 2019,1,BatchId:3624797;OriginalHitTemplateId:928390922;,600,259200,Thu May 02 12:08:29 PDT 2019,,,388U7OUMF8STNWSSRAJV6T0CVWD0RO,A1VS18U1LV8P19,Submitted,Mon Apr 29 12:08:50 PDT 2019,Mon Apr 29 12:09:39 PDT 2019,Thu May 02 12:09:39 PDT 2019,,,,49,0% (0/0),0% (0/0),0% (0/0),https://raw.githubusercontent.com/dsbrown1331/TurkVideos/master/breakout_00600.mp4,https://raw.githubusercontent.com/dsbrown1331/TurkVideos/master/breakout_00550.mp4,B,,
