https://raw.githubusercontent.com/dsbrown1331/TurkVideos/master/breakout_00050.mp4,https://raw.githubusercontent.com/dsbrown1331/TurkVideos/master/breakout_00100.mp4
https://raw.githubusercontent.com/dsbrown1331/TurkVideos/master/breakout_00050.mp4,https://raw.githubusercontent.com/dsbrown1331/TurkVideos/master/breakout_00150.mp4
https://raw.githubusercontent.com/dsbrown1331/TurkVideos/master/breakout_00050.mp4,https://raw.githubusercontent.com/dsbrown1331/TurkVideos/master/breakout_00200.mp4
https://raw.githubusercontent.com/dsbrown1331/TurkVideos/master/breakout_00050.mp4,https://raw.githubusercontent.com/dsbrown1331/TurkVideos/master/breakout_00250.mp4
https://raw.githubusercontent.com/dsbrown1331/TurkVideos/master/breakout_00050.mp4,https://raw.githubusercontent.com/dsbrown1331/TurkVideos/master/breakout_00300.mp4
https://raw.githubusercontent.com/dsbrown1331/TurkVideos/master/breakout_00050.mp4,https://raw.githubusercontent.com/dsbrown1331/TurkVideos/master/breakout_00350.mp4
https://raw.githubusercontent.com/dsbrown1331/TurkVideos/master/breakout_00050.mp4,https://raw.githubusercontent.com/dsbrown1331/TurkVideos/master/breakout_00400.mp4
https://raw.githubusercontent.com/dsbrown1331/TurkVideos/master/breakout_00050.mp4,https://raw.githubusercontent.com/dsbrown1331/TurkVideos/master/breakout_00450.mp4
https://raw.githubusercontent.com/dsbrown1331/TurkVideos/master/breakout_00050.mp4,https://raw.githubusercontent.com/dsbrown1331/TurkVideos/master/breakout_00500.mp4
https://raw.githubusercontent.com/dsbrown1331/TurkVideos/master/breakout_00050.mp4,https://raw.githubusercontent.com/dsbrown1331/TurkVideos/master/breakout_00550.mp4
https://raw.githubusercontent.com/dsbrown1331/TurkVideos/master/breakout_00050.mp4,https://raw.githubusercontent.com/dsbrown1331/TurkVideos/master/breakout_00600.mp4
https://raw.githubusercontent.com/dsbrown1331/TurkVideos/master/breakout_00100.mp4,https://raw.githubusercontent.com/dsbrown1331/TurkVideos/master/breakout_00050.mp4
https://raw.githubusercontent.com/dsbrown1331/TurkVideos/master/breakout_00100.mp4,https://raw.githubusercontent.com/dsbrown1331/TurkVideos/master/breakout_00150.mp4
https://raw.githubusercontent.com/dsbrown1331/TurkVideos/master/breakout_00100.mp4,https://raw.githubusercontent.com/dsbrown1331/TurkVideos/master/breakout_00200.mp4
https://raw.githubusercontent.com/dsbrown1331/TurkVideos/master/breakout_00100.mp4,https://raw.githubusercontent.com/dsbrown1331/TurkVideos/master/breakout_00250.mp4
https://raw.githubusercontent.com/dsbrown1331/TurkVideos/master/breakout_00100.mp4,https://raw.githubusercontent.com/dsbrown1331/TurkVideos/master/breakout_00300.mp4
https://raw.githubusercontent.com/dsbrown1331/TurkVideos/master/breakout_00100.mp4,https://raw.githubusercontent.com/dsbrown1331/TurkVideos/master/breakout_00350.mp4
https://raw.githubusercontent.com/dsbrown1331/TurkVideos/master/breakout_00100.mp4,https://raw.githubusercontent.com/dsbrown1331/TurkVideos/master/breakout_00400.mp4
https://raw.githubusercontent.com/dsbrown1331/TurkVideos/master/breakout_00100.mp4,https://raw.githubusercontent.com/dsbrown1331/TurkVideos/master/breakout_00450.mp4
https://raw.githubusercontent.com/dsbrown1331/TurkVideos/master/breakout_00100.mp4,https://raw.githubusercontent.com/dsbrown1331/TurkVideos/master/breakout_00500.mp4
https://raw.githubusercontent.com/dsbrown1331/TurkVideos/master/breakout_00100.mp4,https://raw.githubusercontent.com/dsbrown1331/TurkVideos/master/breakout_00550.mp4
https://raw.githubusercontent.com/dsbrown1331/TurkVideos/master/breakout_00100.mp4,https://raw.githubusercontent.com/dsbrown1331/TurkVideos/master/breakout_00600.mp4
https://raw.githubusercontent.com/dsbrown1331/TurkVideos/master/breakout_00150.mp4,https://raw.githubusercontent.com/dsbrown1331/TurkVideos/master/breakout_00050.mp4
https://raw.githubusercontent.com/dsbrown1331/TurkVideos/master/breakout_00150.mp4,https://raw.githubusercontent.com/dsbrown1331/TurkVideos/master/breakout_00100.mp4
https://raw.githubusercontent.com/dsbrown1331/TurkVideos/master/breakout_00150.mp4,https://raw.githubusercontent.com/dsbrown1331/TurkVideos/master/breakout_00200.mp4
https://raw.githubusercontent.com/dsbrown1331/TurkVideos/master/breakout_00150.mp4,https://raw.githubusercontent.com/dsbrown1331/TurkVideos/master/breakout_00250.mp4
https://raw.githubusercontent.com/dsbrown1331/TurkVideos/master/breakout_00150.mp4,https://raw.githubusercontent.com/dsbrown1331/TurkVideos/master/breakout_00300.mp4
https://raw.githubusercontent.com/dsbrown1331/TurkVideos/master/breakout_00150.mp4,https://raw.githubusercontent.com/dsbrown1331/TurkVideos/master/breakout_00350.mp4
https://raw.githubusercontent.com/dsbrown1331/TurkVideos/master/breakout_00150.mp4,https://raw.githubusercontent.com/dsbrown1331/TurkVideos/master/breakout_00400.mp4
https://raw.githubusercontent.com/dsbrown1331/TurkVideos/master/breakout_00150.mp4,https://raw.githubusercontent.com/dsbrown1331/TurkVideos/master/breakout_00450.mp4
https://raw.githubusercontent.com/dsbrown1331/TurkVideos/master/breakout_00150.mp4,https://raw.githubusercontent.com/dsbrown1331/TurkVideos/master/breakout_00500.mp4
https://raw.githubusercontent.com/dsbrown1331/TurkVideos/master/breakout_00150.mp4,https://raw.githubusercontent.com/dsbrown1331/TurkVideos/master/breakout_00550.mp4
https://raw.githubusercontent.com/dsbrown1331/TurkVideos/master/breakout_00150.mp4,https://raw.githubusercontent.com/dsbrown1331/TurkVideos/master/breakout_00600.mp4
https://raw.githubusercontent.com/dsbrown1331/TurkVideos/master/breakout_00200.mp4,https://raw.githubusercontent.com/dsbrown1331/TurkVideos/master/breakout_00050.mp4
https://raw.githubusercontent.com/dsbrown1331/TurkVideos/master/breakout_00200.mp4,https://raw.githubusercontent.com/dsbrown1331/TurkVideos/master/breakout_00100.mp4
https://raw.githubusercontent.com/dsbrown1331/TurkVideos/master/breakout_00200.mp4,https://raw.githubusercontent.com/dsbrown1331/TurkVideos/master/breakout_00150.mp4
https://raw.githubusercontent.com/dsbrown1331/TurkVideos/master/breakout_00200.mp4,https://raw.githubusercontent.com/dsbrown1331/TurkVideos/master/breakout_00250.mp4
https://raw.githubusercontent.com/dsbrown1331/TurkVideos/master/breakout_00200.mp4,https://raw.githubusercontent.com/dsbrown1331/TurkVideos/master/breakout_00300.mp4
https://raw.githubusercontent.com/dsbrown1331/TurkVideos/master/breakout_00200.mp4,https://raw.githubusercontent.com/dsbrown1331/TurkVideos/master/breakout_00350.mp4
https://raw.githubusercontent.com/dsbrown1331/TurkVideos/master/breakout_00200.mp4,https://raw.githubusercontent.com/dsbrown1331/TurkVideos/master/breakout_00400.mp4
https://raw.githubusercontent.com/dsbrown1331/TurkVideos/master/breakout_00200.mp4,https://raw.githubusercontent.com/dsbrown1331/TurkVideos/master/breakout_00450.mp4
https://raw.githubusercontent.com/dsbrown1331/TurkVideos/master/breakout_00200.mp4,https://raw.githubusercontent.com/dsbrown1331/TurkVideos/master/breakout_00500.mp4
https://raw.githubusercontent.com/dsbrown1331/TurkVideos/master/breakout_00200.mp4,https://raw.githubusercontent.com/dsbrown1331/TurkVideos/master/breakout_00550.mp4
https://raw.githubusercontent.com/dsbrown1331/TurkVideos/master/breakout_00200.mp4,https://raw.githubusercontent.com/dsbrown1331/TurkVideos/master/breakout_00600.mp4
https://raw.githubusercontent.com/dsbrown1331/TurkVideos/master/breakout_00250.mp4,https://raw.githubusercontent.com/dsbrown1331/TurkVideos/master/breakout_00050.mp4
https://raw.githubusercontent.com/dsbrown1331/TurkVideos/master/breakout_00250.mp4,https://raw.githubusercontent.com/dsbrown1331/TurkVideos/master/breakout_00100.mp4
https://raw.githubusercontent.com/dsbrown1331/TurkVideos/master/breakout_00250.mp4,https://raw.githubusercontent.com/dsbrown1331/TurkVideos/master/breakout_00150.mp4
https://raw.githubusercontent.com/dsbrown1331/TurkVideos/master/breakout_00250.mp4,https://raw.githubusercontent.com/dsbrown1331/TurkVideos/master/breakout_00200.mp4
https://raw.githubusercontent.com/dsbrown1331/TurkVideos/master/breakout_00250.mp4,https://raw.githubusercontent.com/dsbrown1331/TurkVideos/master/breakout_00300.mp4
https://raw.githubusercontent.com/dsbrown1331/TurkVideos/master/breakout_00250.mp4,https://raw.githubusercontent.com/dsbrown1331/TurkVideos/master/breakout_00350.mp4
https://raw.githubusercontent.com/dsbrown1331/TurkVideos/master/breakout_00250.mp4,https://raw.githubusercontent.com/dsbrown1331/TurkVideos/master/breakout_00400.mp4
https://raw.githubusercontent.com/dsbrown1331/TurkVideos/master/breakout_00250.mp4,https://raw.githubusercontent.com/dsbrown1331/TurkVideos/master/breakout_00450.mp4
https://raw.githubusercontent.com/dsbrown1331/TurkVideos/master/breakout_00250.mp4,https://raw.githubusercontent.com/dsbrown1331/TurkVideos/master/breakout_00500.mp4
https://raw.githubusercontent.com/dsbrown1331/TurkVideos/master/breakout_00250.mp4,https://raw.githubusercontent.com/dsbrown1331/TurkVideos/master/breakout_00550.mp4
https://raw.githubusercontent.com/dsbrown1331/TurkVideos/master/breakout_00250.mp4,https://raw.githubusercontent.com/dsbrown1331/TurkVideos/master/breakout_00600.mp4
https://raw.githubusercontent.com/dsbrown1331/TurkVideos/master/breakout_00300.mp4,https://raw.githubusercontent.com/dsbrown1331/TurkVideos/master/breakout_00050.mp4
https://raw.githubusercontent.com/dsbrown1331/TurkVideos/master/breakout_00300.mp4,https://raw.githubusercontent.com/dsbrown1331/TurkVideos/master/breakout_00100.mp4
https://raw.githubusercontent.com/dsbrown1331/TurkVideos/master/breakout_00300.mp4,https://raw.githubusercontent.com/dsbrown1331/TurkVideos/master/breakout_00150.mp4
https://raw.githubusercontent.com/dsbrown1331/TurkVideos/master/breakout_00300.mp4,https://raw.githubusercontent.com/dsbrown1331/TurkVideos/master/breakout_00200.mp4
https://raw.githubusercontent.com/dsbrown1331/TurkVideos/master/breakout_00300.mp4,https://raw.githubusercontent.com/dsbrown1331/TurkVideos/master/breakout_00250.mp4
https://raw.githubusercontent.com/dsbrown1331/TurkVideos/master/breakout_00300.mp4,https://raw.githubusercontent.com/dsbrown1331/TurkVideos/master/breakout_00350.mp4
https://raw.githubusercontent.com/dsbrown1331/TurkVideos/master/breakout_00300.mp4,https://raw.githubusercontent.com/dsbrown1331/TurkVideos/master/breakout_00400.mp4
https://raw.githubusercontent.com/dsbrown1331/TurkVideos/master/breakout_00300.mp4,https://raw.githubusercontent.com/dsbrown1331/TurkVideos/master/breakout_00450.mp4
https://raw.githubusercontent.com/dsbrown1331/TurkVideos/master/breakout_00300.mp4,https://raw.githubusercontent.com/dsbrown1331/TurkVideos/master/breakout_00500.mp4
https://raw.githubusercontent.com/dsbrown1331/TurkVideos/master/breakout_00300.mp4,https://raw.githubusercontent.com/dsbrown1331/TurkVideos/master/breakout_00550.mp4
https://raw.githubusercontent.com/dsbrown1331/TurkVideos/master/breakout_00300.mp4,https://raw.githubusercontent.com/dsbrown1331/TurkVideos/master/breakout_00600.mp4
https://raw.githubusercontent.com/dsbrown1331/TurkVideos/master/breakout_00350.mp4,https://raw.githubusercontent.com/dsbrown1331/TurkVideos/master/breakout_00050.mp4
https://raw.githubusercontent.com/dsbrown1331/TurkVideos/master/breakout_00350.mp4,https://raw.githubusercontent.com/dsbrown1331/TurkVideos/master/breakout_00100.mp4
https://raw.githubusercontent.com/dsbrown1331/TurkVideos/master/breakout_00350.mp4,https://raw.githubusercontent.com/dsbrown1331/TurkVideos/master/breakout_00150.mp4
https://raw.githubusercontent.com/dsbrown1331/TurkVideos/master/breakout_00350.mp4,https://raw.githubusercontent.com/dsbrown1331/TurkVideos/master/breakout_00200.mp4
https://raw.githubusercontent.com/dsbrown1331/TurkVideos/master/breakout_00350.mp4,https://raw.githubusercontent.com/dsbrown1331/TurkVideos/master/breakout_00250.mp4
https://raw.githubusercontent.com/dsbrown1331/TurkVideos/master/breakout_00350.mp4,https://raw.githubusercontent.com/dsbrown1331/TurkVideos/master/breakout_00300.mp4
https://raw.githubusercontent.com/dsbrown1331/TurkVideos/master/breakout_00350.mp4,https://raw.githubusercontent.com/dsbrown1331/TurkVideos/master/breakout_00400.mp4
https://raw.githubusercontent.com/dsbrown1331/TurkVideos/master/breakout_00350.mp4,https://raw.githubusercontent.com/dsbrown1331/TurkVideos/master/breakout_00450.mp4
https://raw.githubusercontent.com/dsbrown1331/TurkVideos/master/breakout_00350.mp4,https://raw.githubusercontent.com/dsbrown1331/TurkVideos/master/breakout_00500.mp4
https://raw.githubusercontent.com/dsbrown1331/TurkVideos/master/breakout_00350.mp4,https://raw.githubusercontent.com/dsbrown1331/TurkVideos/master/breakout_00550.mp4
https://raw.githubusercontent.com/dsbrown1331/TurkVideos/master/breakout_00350.mp4,https://raw.githubusercontent.com/dsbrown1331/TurkVideos/master/breakout_00600.mp4
https://raw.githubusercontent.com/dsbrown1331/TurkVideos/master/breakout_00400.mp4,https://raw.githubusercontent.com/dsbrown1331/TurkVideos/master/breakout_00050.mp4
https://raw.githubusercontent.com/dsbrown1331/TurkVideos/master/breakout_00400.mp4,https://raw.githubusercontent.com/dsbrown1331/TurkVideos/master/breakout_00100.mp4
https://raw.githubusercontent.com/dsbrown1331/TurkVideos/master/breakout_00400.mp4,https://raw.githubusercontent.com/dsbrown1331/TurkVideos/master/breakout_00150.mp4
https://raw.githubusercontent.com/dsbrown1331/TurkVideos/master/breakout_00400.mp4,https://raw.githubusercontent.com/dsbrown1331/TurkVideos/master/breakout_00200.mp4
https://raw.githubusercontent.com/dsbrown1331/TurkVideos/master/breakout_00400.mp4,https://raw.githubusercontent.com/dsbrown1331/TurkVideos/master/breakout_00250.mp4
https://raw.githubusercontent.com/dsbrown1331/TurkVideos/master/breakout_00400.mp4,https://raw.githubusercontent.com/dsbrown1331/TurkVideos/master/breakout_00300.mp4
https://raw.githubusercontent.com/dsbrown1331/TurkVideos/master/breakout_00400.mp4,https://raw.githubusercontent.com/dsbrown1331/TurkVideos/master/breakout_00350.mp4
https://raw.githubusercontent.com/dsbrown1331/TurkVideos/master/breakout_00400.mp4,https://raw.githubusercontent.com/dsbrown1331/TurkVideos/master/breakout_00450.mp4
https://raw.githubusercontent.com/dsbrown1331/TurkVideos/master/breakout_00400.mp4,https://raw.githubusercontent.com/dsbrown1331/TurkVideos/master/breakout_00500.mp4
https://raw.githubusercontent.com/dsbrown1331/TurkVideos/master/breakout_00400.mp4,https://raw.githubusercontent.com/dsbrown1331/TurkVideos/master/breakout_00550.mp4
https://raw.githubusercontent.com/dsbrown1331/TurkVideos/master/breakout_00400.mp4,https://raw.githubusercontent.com/dsbrown1331/TurkVideos/master/breakout_00600.mp4
https://raw.githubusercontent.com/dsbrown1331/TurkVideos/master/breakout_00450.mp4,https://raw.githubusercontent.com/dsbrown1331/TurkVideos/master/breakout_00050.mp4
https://raw.githubusercontent.com/dsbrown1331/TurkVideos/master/breakout_00450.mp4,https://raw.githubusercontent.com/dsbrown1331/TurkVideos/master/breakout_00100.mp4
https://raw.githubusercontent.com/dsbrown1331/TurkVideos/master/breakout_00450.mp4,https://raw.githubusercontent.com/dsbrown1331/TurkVideos/master/breakout_00150.mp4
https://raw.githubusercontent.com/dsbrown1331/TurkVideos/master/breakout_00450.mp4,https://raw.githubusercontent.com/dsbrown1331/TurkVideos/master/breakout_00200.mp4
https://raw.githubusercontent.com/dsbrown1331/TurkVideos/master/breakout_00450.mp4,https://raw.githubusercontent.com/dsbrown1331/TurkVideos/master/breakout_00250.mp4
https://raw.githubusercontent.com/dsbrown1331/TurkVideos/master/breakout_00450.mp4,https://raw.githubusercontent.com/dsbrown1331/TurkVideos/master/breakout_00300.mp4
https://raw.githubusercontent.com/dsbrown1331/TurkVideos/master/breakout_00450.mp4,https://raw.githubusercontent.com/dsbrown1331/TurkVideos/master/breakout_00350.mp4
https://raw.githubusercontent.com/dsbrown1331/TurkVideos/master/breakout_00450.mp4,https://raw.githubusercontent.com/dsbrown1331/TurkVideos/master/breakout_00400.mp4
https://raw.githubusercontent.com/dsbrown1331/TurkVideos/master/breakout_00450.mp4,https://raw.githubusercontent.com/dsbrown1331/TurkVideos/master/breakout_00500.mp4
https://raw.githubusercontent.com/dsbrown1331/TurkVideos/master/breakout_00450.mp4,https://raw.githubusercontent.com/dsbrown1331/TurkVideos/master/breakout_00550.mp4
https://raw.githubusercontent.com/dsbrown1331/TurkVideos/master/breakout_00450.mp4,https://raw.githubusercontent.com/dsbrown1331/TurkVideos/master/breakout_00600.mp4
https://raw.githubusercontent.com/dsbrown1331/TurkVideos/master/breakout_00500.mp4,https://raw.githubusercontent.com/dsbrown1331/TurkVideos/master/breakout_00050.mp4
https://raw.githubusercontent.com/dsbrown1331/TurkVideos/master/breakout_00500.mp4,https://raw.githubusercontent.com/dsbrown1331/TurkVideos/master/breakout_00100.mp4
https://raw.githubusercontent.com/dsbrown1331/TurkVideos/master/breakout_00500.mp4,https://raw.githubusercontent.com/dsbrown1331/TurkVideos/master/breakout_00150.mp4
https://raw.githubusercontent.com/dsbrown1331/TurkVideos/master/breakout_00500.mp4,https://raw.githubusercontent.com/dsbrown1331/TurkVideos/master/breakout_00200.mp4
https://raw.githubusercontent.com/dsbrown1331/TurkVideos/master/breakout_00500.mp4,https://raw.githubusercontent.com/dsbrown1331/TurkVideos/master/breakout_00250.mp4
https://raw.githubusercontent.com/dsbrown1331/TurkVideos/master/breakout_00500.mp4,https://raw.githubusercontent.com/dsbrown1331/TurkVideos/master/breakout_00300.mp4
https://raw.githubusercontent.com/dsbrown1331/TurkVideos/master/breakout_00500.mp4,https://raw.githubusercontent.com/dsbrown1331/TurkVideos/master/breakout_00350.mp4
https://raw.githubusercontent.com/dsbrown1331/TurkVideos/master/breakout_00500.mp4,https://raw.githubusercontent.com/dsbrown1331/TurkVideos/master/breakout_00400.mp4
https://raw.githubusercontent.com/dsbrown1331/TurkVideos/master/breakout_00500.mp4,https://raw.githubusercontent.com/dsbrown1331/TurkVideos/master/breakout_00450.mp4
https://raw.githubusercontent.com/dsbrown1331/TurkVideos/master/breakout_00500.mp4,https://raw.githubusercontent.com/dsbrown1331/TurkVideos/master/breakout_00550.mp4
https://raw.githubusercontent.com/dsbrown1331/TurkVideos/master/breakout_00500.mp4,https://raw.githubusercontent.com/dsbrown1331/TurkVideos/master/breakout_00600.mp4
https://raw.githubusercontent.com/dsbrown1331/TurkVideos/master/breakout_00550.mp4,https://raw.githubusercontent.com/dsbrown1331/TurkVideos/master/breakout_00050.mp4
https://raw.githubusercontent.com/dsbrown1331/TurkVideos/master/breakout_00550.mp4,https://raw.githubusercontent.com/dsbrown1331/TurkVideos/master/breakout_00100.mp4
https://raw.githubusercontent.com/dsbrown1331/TurkVideos/master/breakout_00550.mp4,https://raw.githubusercontent.com/dsbrown1331/TurkVideos/master/breakout_00150.mp4
https://raw.githubusercontent.com/dsbrown1331/TurkVideos/master/breakout_00550.mp4,https://raw.githubusercontent.com/dsbrown1331/TurkVideos/master/breakout_00200.mp4
https://raw.githubusercontent.com/dsbrown1331/TurkVideos/master/breakout_00550.mp4,https://raw.githubusercontent.com/dsbrown1331/TurkVideos/master/breakout_00250.mp4
https://raw.githubusercontent.com/dsbrown1331/TurkVideos/master/breakout_00550.mp4,https://raw.githubusercontent.com/dsbrown1331/TurkVideos/master/breakout_00300.mp4
https://raw.githubusercontent.com/dsbrown1331/TurkVideos/master/breakout_00550.mp4,https://raw.githubusercontent.com/dsbrown1331/TurkVideos/master/breakout_00350.mp4
https://raw.githubusercontent.com/dsbrown1331/TurkVideos/master/breakout_00550.mp4,https://raw.githubusercontent.com/dsbrown1331/TurkVideos/master/breakout_00400.mp4
https://raw.githubusercontent.com/dsbrown1331/TurkVideos/master/breakout_00550.mp4,https://raw.githubusercontent.com/dsbrown1331/TurkVideos/master/breakout_00450.mp4
https://raw.githubusercontent.com/dsbrown1331/TurkVideos/master/breakout_00550.mp4,https://raw.githubusercontent.com/dsbrown1331/TurkVideos/master/breakout_00500.mp4
https://raw.githubusercontent.com/dsbrown1331/TurkVideos/master/breakout_00550.mp4,https://raw.githubusercontent.com/dsbrown1331/TurkVideos/master/breakout_00600.mp4
https://raw.githubusercontent.com/dsbrown1331/TurkVideos/master/breakout_00600.mp4,https://raw.githubusercontent.com/dsbrown1331/TurkVideos/master/breakout_00050.mp4
https://raw.githubusercontent.com/dsbrown1331/TurkVideos/master/breakout_00600.mp4,https://raw.githubusercontent.com/dsbrown1331/TurkVideos/master/breakout_00100.mp4
https://raw.githubusercontent.com/dsbrown1331/TurkVideos/master/breakout_00600.mp4,https://raw.githubusercontent.com/dsbrown1331/TurkVideos/master/breakout_00150.mp4
https://raw.githubusercontent.com/dsbrown1331/TurkVideos/master/breakout_00600.mp4,https://raw.githubusercontent.com/dsbrown1331/TurkVideos/master/breakout_00200.mp4
https://raw.githubusercontent.com/dsbrown1331/TurkVideos/master/breakout_00600.mp4,https://raw.githubusercontent.com/dsbrown1331/TurkVideos/master/breakout_00250.mp4
https://raw.githubusercontent.com/dsbrown1331/TurkVideos/master/breakout_00600.mp4,https://raw.githubusercontent.com/dsbrown1331/TurkVideos/master/breakout_00300.mp4
https://raw.githubusercontent.com/dsbrown1331/TurkVideos/master/breakout_00600.mp4,https://raw.githubusercontent.com/dsbrown1331/TurkVideos/master/breakout_00350.mp4
https://raw.githubusercontent.com/dsbrown1331/TurkVideos/master/breakout_00600.mp4,https://raw.githubusercontent.com/dsbrown1331/TurkVideos/master/breakout_00400.mp4
https://raw.githubusercontent.com/dsbrown1331/TurkVideos/master/breakout_00600.mp4,https://raw.githubusercontent.com/dsbrown1331/TurkVideos/master/breakout_00450.mp4
https://raw.githubusercontent.com/dsbrown1331/TurkVideos/master/breakout_00600.mp4,https://raw.githubusercontent.com/dsbrown1331/TurkVideos/master/breakout_00500.mp4
https://raw.githubusercontent.com/dsbrown1331/TurkVideos/master/breakout_00600.mp4,https://raw.githubusercontent.com/dsbrown1331/TurkVideos/master/breakout_00550.mp4
