video_url_A,video_url_B
https://raw.githubusercontent.com/dsbrown1331/TurkVideos/master/seaquest/seaquest_00010_crop.webm,https://raw.githubusercontent.com/dsbrown1331/TurkVideos/master/seaquest/seaquest_00015_crop.webm
https://raw.githubusercontent.com/dsbrown1331/TurkVideos/master/seaquest/seaquest_00010_crop.webm,https://raw.githubusercontent.com/dsbrown1331/TurkVideos/master/seaquest/seaquest_00020_crop.webm
https://raw.githubusercontent.com/dsbrown1331/TurkVideos/master/seaquest/seaquest_00010_crop.webm,https://raw.githubusercontent.com/dsbrown1331/TurkVideos/master/seaquest/seaquest_00025_crop.webm
https://raw.githubusercontent.com/dsbrown1331/TurkVideos/master/seaquest/seaquest_00010_crop.webm,https://raw.githubusercontent.com/dsbrown1331/TurkVideos/master/seaquest/seaquest_00030_crop.webm
https://raw.githubusercontent.com/dsbrown1331/TurkVideos/master/seaquest/seaquest_00010_crop.webm,https://raw.githubusercontent.com/dsbrown1331/TurkVideos/master/seaquest/seaquest_00035_crop.webm
https://raw.githubusercontent.com/dsbrown1331/TurkVideos/master/seaquest/seaquest_00010_crop.webm,https://raw.githubusercontent.com/dsbrown1331/TurkVideos/master/seaquest/seaquest_00040_crop.webm
https://raw.githubusercontent.com/dsbrown1331/TurkVideos/master/seaquest/seaquest_00010_crop.webm,https://raw.githubusercontent.com/dsbrown1331/TurkVideos/master/seaquest/seaquest_00045_crop.webm
https://raw.githubusercontent.com/dsbrown1331/TurkVideos/master/seaquest/seaquest_00010_crop.webm,https://raw.githubusercontent.com/dsbrown1331/TurkVideos/master/seaquest/seaquest_00050_crop.webm
https://raw.githubusercontent.com/dsbrown1331/TurkVideos/master/seaquest/seaquest_00010_crop.webm,https://raw.githubusercontent.com/dsbrown1331/TurkVideos/master/seaquest/seaquest_00055_crop.webm
https://raw.githubusercontent.com/dsbrown1331/TurkVideos/master/seaquest/seaquest_00010_crop.webm,https://raw.githubusercontent.com/dsbrown1331/TurkVideos/master/seaquest/seaquest_00060_crop.webm
https://raw.githubusercontent.com/dsbrown1331/TurkVideos/master/seaquest/seaquest_00010_crop.webm,https://raw.githubusercontent.com/dsbrown1331/TurkVideos/master/seaquest/seaquest_00065_crop.webm
https://raw.githubusercontent.com/dsbrown1331/TurkVideos/master/seaquest/seaquest_00015_crop.webm,https://raw.githubusercontent.com/dsbrown1331/TurkVideos/master/seaquest/seaquest_00010_crop.webm
https://raw.githubusercontent.com/dsbrown1331/TurkVideos/master/seaquest/seaquest_00015_crop.webm,https://raw.githubusercontent.com/dsbrown1331/TurkVideos/master/seaquest/seaquest_00020_crop.webm
https://raw.githubusercontent.com/dsbrown1331/TurkVideos/master/seaquest/seaquest_00015_crop.webm,https://raw.githubusercontent.com/dsbrown1331/TurkVideos/master/seaquest/seaquest_00025_crop.webm
https://raw.githubusercontent.com/dsbrown1331/TurkVideos/master/seaquest/seaquest_00015_crop.webm,https://raw.githubusercontent.com/dsbrown1331/TurkVideos/master/seaquest/seaquest_00030_crop.webm
https://raw.githubusercontent.com/dsbrown1331/TurkVideos/master/seaquest/seaquest_00015_crop.webm,https://raw.githubusercontent.com/dsbrown1331/TurkVideos/master/seaquest/seaquest_00035_crop.webm
https://raw.githubusercontent.com/dsbrown1331/TurkVideos/master/seaquest/seaquest_00015_crop.webm,https://raw.githubusercontent.com/dsbrown1331/TurkVideos/master/seaquest/seaquest_00040_crop.webm
https://raw.githubusercontent.com/dsbrown1331/TurkVideos/master/seaquest/seaquest_00015_crop.webm,https://raw.githubusercontent.com/dsbrown1331/TurkVideos/master/seaquest/seaquest_00045_crop.webm
https://raw.githubusercontent.com/dsbrown1331/TurkVideos/master/seaquest/seaquest_00015_crop.webm,https://raw.githubusercontent.com/dsbrown1331/TurkVideos/master/seaquest/seaquest_00050_crop.webm
https://raw.githubusercontent.com/dsbrown1331/TurkVideos/master/seaquest/seaquest_00015_crop.webm,https://raw.githubusercontent.com/dsbrown1331/TurkVideos/master/seaquest/seaquest_00055_crop.webm
https://raw.githubusercontent.com/dsbrown1331/TurkVideos/master/seaquest/seaquest_00015_crop.webm,https://raw.githubusercontent.com/dsbrown1331/TurkVideos/master/seaquest/seaquest_00060_crop.webm
https://raw.githubusercontent.com/dsbrown1331/TurkVideos/master/seaquest/seaquest_00015_crop.webm,https://raw.githubusercontent.com/dsbrown1331/TurkVideos/master/seaquest/seaquest_00065_crop.webm
https://raw.githubusercontent.com/dsbrown1331/TurkVideos/master/seaquest/seaquest_00020_crop.webm,https://raw.githubusercontent.com/dsbrown1331/TurkVideos/master/seaquest/seaquest_00010_crop.webm
https://raw.githubusercontent.com/dsbrown1331/TurkVideos/master/seaquest/seaquest_00020_crop.webm,https://raw.githubusercontent.com/dsbrown1331/TurkVideos/master/seaquest/seaquest_00015_crop.webm
https://raw.githubusercontent.com/dsbrown1331/TurkVideos/master/seaquest/seaquest_00020_crop.webm,https://raw.githubusercontent.com/dsbrown1331/TurkVideos/master/seaquest/seaquest_00025_crop.webm
https://raw.githubusercontent.com/dsbrown1331/TurkVideos/master/seaquest/seaquest_00020_crop.webm,https://raw.githubusercontent.com/dsbrown1331/TurkVideos/master/seaquest/seaquest_00030_crop.webm
https://raw.githubusercontent.com/dsbrown1331/TurkVideos/master/seaquest/seaquest_00020_crop.webm,https://raw.githubusercontent.com/dsbrown1331/TurkVideos/master/seaquest/seaquest_00035_crop.webm
https://raw.githubusercontent.com/dsbrown1331/TurkVideos/master/seaquest/seaquest_00020_crop.webm,https://raw.githubusercontent.com/dsbrown1331/TurkVideos/master/seaquest/seaquest_00040_crop.webm
https://raw.githubusercontent.com/dsbrown1331/TurkVideos/master/seaquest/seaquest_00020_crop.webm,https://raw.githubusercontent.com/dsbrown1331/TurkVideos/master/seaquest/seaquest_00045_crop.webm
https://raw.githubusercontent.com/dsbrown1331/TurkVideos/master/seaquest/seaquest_00020_crop.webm,https://raw.githubusercontent.com/dsbrown1331/TurkVideos/master/seaquest/seaquest_00050_crop.webm
https://raw.githubusercontent.com/dsbrown1331/TurkVideos/master/seaquest/seaquest_00020_crop.webm,https://raw.githubusercontent.com/dsbrown1331/TurkVideos/master/seaquest/seaquest_00055_crop.webm
https://raw.githubusercontent.com/dsbrown1331/TurkVideos/master/seaquest/seaquest_00020_crop.webm,https://raw.githubusercontent.com/dsbrown1331/TurkVideos/master/seaquest/seaquest_00060_crop.webm
https://raw.githubusercontent.com/dsbrown1331/TurkVideos/master/seaquest/seaquest_00020_crop.webm,https://raw.githubusercontent.com/dsbrown1331/TurkVideos/master/seaquest/seaquest_00065_crop.webm
https://raw.githubusercontent.com/dsbrown1331/TurkVideos/master/seaquest/seaquest_00025_crop.webm,https://raw.githubusercontent.com/dsbrown1331/TurkVideos/master/seaquest/seaquest_00010_crop.webm
https://raw.githubusercontent.com/dsbrown1331/TurkVideos/master/seaquest/seaquest_00025_crop.webm,https://raw.githubusercontent.com/dsbrown1331/TurkVideos/master/seaquest/seaquest_00015_crop.webm
https://raw.githubusercontent.com/dsbrown1331/TurkVideos/master/seaquest/seaquest_00025_crop.webm,https://raw.githubusercontent.com/dsbrown1331/TurkVideos/master/seaquest/seaquest_00020_crop.webm
https://raw.githubusercontent.com/dsbrown1331/TurkVideos/master/seaquest/seaquest_00025_crop.webm,https://raw.githubusercontent.com/dsbrown1331/TurkVideos/master/seaquest/seaquest_00030_crop.webm
https://raw.githubusercontent.com/dsbrown1331/TurkVideos/master/seaquest/seaquest_00025_crop.webm,https://raw.githubusercontent.com/dsbrown1331/TurkVideos/master/seaquest/seaquest_00035_crop.webm
https://raw.githubusercontent.com/dsbrown1331/TurkVideos/master/seaquest/seaquest_00025_crop.webm,https://raw.githubusercontent.com/dsbrown1331/TurkVideos/master/seaquest/seaquest_00040_crop.webm
https://raw.githubusercontent.com/dsbrown1331/TurkVideos/master/seaquest/seaquest_00025_crop.webm,https://raw.githubusercontent.com/dsbrown1331/TurkVideos/master/seaquest/seaquest_00045_crop.webm
https://raw.githubusercontent.com/dsbrown1331/TurkVideos/master/seaquest/seaquest_00025_crop.webm,https://raw.githubusercontent.com/dsbrown1331/TurkVideos/master/seaquest/seaquest_00050_crop.webm
https://raw.githubusercontent.com/dsbrown1331/TurkVideos/master/seaquest/seaquest_00025_crop.webm,https://raw.githubusercontent.com/dsbrown1331/TurkVideos/master/seaquest/seaquest_00055_crop.webm
https://raw.githubusercontent.com/dsbrown1331/TurkVideos/master/seaquest/seaquest_00025_crop.webm,https://raw.githubusercontent.com/dsbrown1331/TurkVideos/master/seaquest/seaquest_00060_crop.webm
https://raw.githubusercontent.com/dsbrown1331/TurkVideos/master/seaquest/seaquest_00025_crop.webm,https://raw.githubusercontent.com/dsbrown1331/TurkVideos/master/seaquest/seaquest_00065_crop.webm
https://raw.githubusercontent.com/dsbrown1331/TurkVideos/master/seaquest/seaquest_00030_crop.webm,https://raw.githubusercontent.com/dsbrown1331/TurkVideos/master/seaquest/seaquest_00010_crop.webm
https://raw.githubusercontent.com/dsbrown1331/TurkVideos/master/seaquest/seaquest_00030_crop.webm,https://raw.githubusercontent.com/dsbrown1331/TurkVideos/master/seaquest/seaquest_00015_crop.webm
https://raw.githubusercontent.com/dsbrown1331/TurkVideos/master/seaquest/seaquest_00030_crop.webm,https://raw.githubusercontent.com/dsbrown1331/TurkVideos/master/seaquest/seaquest_00020_crop.webm
https://raw.githubusercontent.com/dsbrown1331/TurkVideos/master/seaquest/seaquest_00030_crop.webm,https://raw.githubusercontent.com/dsbrown1331/TurkVideos/master/seaquest/seaquest_00025_crop.webm
https://raw.githubusercontent.com/dsbrown1331/TurkVideos/master/seaquest/seaquest_00030_crop.webm,https://raw.githubusercontent.com/dsbrown1331/TurkVideos/master/seaquest/seaquest_00035_crop.webm
https://raw.githubusercontent.com/dsbrown1331/TurkVideos/master/seaquest/seaquest_00030_crop.webm,https://raw.githubusercontent.com/dsbrown1331/TurkVideos/master/seaquest/seaquest_00040_crop.webm
https://raw.githubusercontent.com/dsbrown1331/TurkVideos/master/seaquest/seaquest_00030_crop.webm,https://raw.githubusercontent.com/dsbrown1331/TurkVideos/master/seaquest/seaquest_00045_crop.webm
https://raw.githubusercontent.com/dsbrown1331/TurkVideos/master/seaquest/seaquest_00030_crop.webm,https://raw.githubusercontent.com/dsbrown1331/TurkVideos/master/seaquest/seaquest_00050_crop.webm
https://raw.githubusercontent.com/dsbrown1331/TurkVideos/master/seaquest/seaquest_00030_crop.webm,https://raw.githubusercontent.com/dsbrown1331/TurkVideos/master/seaquest/seaquest_00055_crop.webm
https://raw.githubusercontent.com/dsbrown1331/TurkVideos/master/seaquest/seaquest_00030_crop.webm,https://raw.githubusercontent.com/dsbrown1331/TurkVideos/master/seaquest/seaquest_00060_crop.webm
https://raw.githubusercontent.com/dsbrown1331/TurkVideos/master/seaquest/seaquest_00030_crop.webm,https://raw.githubusercontent.com/dsbrown1331/TurkVideos/master/seaquest/seaquest_00065_crop.webm
https://raw.githubusercontent.com/dsbrown1331/TurkVideos/master/seaquest/seaquest_00035_crop.webm,https://raw.githubusercontent.com/dsbrown1331/TurkVideos/master/seaquest/seaquest_00010_crop.webm
https://raw.githubusercontent.com/dsbrown1331/TurkVideos/master/seaquest/seaquest_00035_crop.webm,https://raw.githubusercontent.com/dsbrown1331/TurkVideos/master/seaquest/seaquest_00015_crop.webm
https://raw.githubusercontent.com/dsbrown1331/TurkVideos/master/seaquest/seaquest_00035_crop.webm,https://raw.githubusercontent.com/dsbrown1331/TurkVideos/master/seaquest/seaquest_00020_crop.webm
https://raw.githubusercontent.com/dsbrown1331/TurkVideos/master/seaquest/seaquest_00035_crop.webm,https://raw.githubusercontent.com/dsbrown1331/TurkVideos/master/seaquest/seaquest_00025_crop.webm
https://raw.githubusercontent.com/dsbrown1331/TurkVideos/master/seaquest/seaquest_00035_crop.webm,https://raw.githubusercontent.com/dsbrown1331/TurkVideos/master/seaquest/seaquest_00030_crop.webm
https://raw.githubusercontent.com/dsbrown1331/TurkVideos/master/seaquest/seaquest_00035_crop.webm,https://raw.githubusercontent.com/dsbrown1331/TurkVideos/master/seaquest/seaquest_00040_crop.webm
https://raw.githubusercontent.com/dsbrown1331/TurkVideos/master/seaquest/seaquest_00035_crop.webm,https://raw.githubusercontent.com/dsbrown1331/TurkVideos/master/seaquest/seaquest_00045_crop.webm
https://raw.githubusercontent.com/dsbrown1331/TurkVideos/master/seaquest/seaquest_00035_crop.webm,https://raw.githubusercontent.com/dsbrown1331/TurkVideos/master/seaquest/seaquest_00050_crop.webm
https://raw.githubusercontent.com/dsbrown1331/TurkVideos/master/seaquest/seaquest_00035_crop.webm,https://raw.githubusercontent.com/dsbrown1331/TurkVideos/master/seaquest/seaquest_00055_crop.webm
https://raw.githubusercontent.com/dsbrown1331/TurkVideos/master/seaquest/seaquest_00035_crop.webm,https://raw.githubusercontent.com/dsbrown1331/TurkVideos/master/seaquest/seaquest_00060_crop.webm
https://raw.githubusercontent.com/dsbrown1331/TurkVideos/master/seaquest/seaquest_00035_crop.webm,https://raw.githubusercontent.com/dsbrown1331/TurkVideos/master/seaquest/seaquest_00065_crop.webm
https://raw.githubusercontent.com/dsbrown1331/TurkVideos/master/seaquest/seaquest_00040_crop.webm,https://raw.githubusercontent.com/dsbrown1331/TurkVideos/master/seaquest/seaquest_00010_crop.webm
https://raw.githubusercontent.com/dsbrown1331/TurkVideos/master/seaquest/seaquest_00040_crop.webm,https://raw.githubusercontent.com/dsbrown1331/TurkVideos/master/seaquest/seaquest_00015_crop.webm
https://raw.githubusercontent.com/dsbrown1331/TurkVideos/master/seaquest/seaquest_00040_crop.webm,https://raw.githubusercontent.com/dsbrown1331/TurkVideos/master/seaquest/seaquest_00020_crop.webm
https://raw.githubusercontent.com/dsbrown1331/TurkVideos/master/seaquest/seaquest_00040_crop.webm,https://raw.githubusercontent.com/dsbrown1331/TurkVideos/master/seaquest/seaquest_00025_crop.webm
https://raw.githubusercontent.com/dsbrown1331/TurkVideos/master/seaquest/seaquest_00040_crop.webm,https://raw.githubusercontent.com/dsbrown1331/TurkVideos/master/seaquest/seaquest_00030_crop.webm
https://raw.githubusercontent.com/dsbrown1331/TurkVideos/master/seaquest/seaquest_00040_crop.webm,https://raw.githubusercontent.com/dsbrown1331/TurkVideos/master/seaquest/seaquest_00035_crop.webm
https://raw.githubusercontent.com/dsbrown1331/TurkVideos/master/seaquest/seaquest_00040_crop.webm,https://raw.githubusercontent.com/dsbrown1331/TurkVideos/master/seaquest/seaquest_00045_crop.webm
https://raw.githubusercontent.com/dsbrown1331/TurkVideos/master/seaquest/seaquest_00040_crop.webm,https://raw.githubusercontent.com/dsbrown1331/TurkVideos/master/seaquest/seaquest_00050_crop.webm
https://raw.githubusercontent.com/dsbrown1331/TurkVideos/master/seaquest/seaquest_00040_crop.webm,https://raw.githubusercontent.com/dsbrown1331/TurkVideos/master/seaquest/seaquest_00055_crop.webm
https://raw.githubusercontent.com/dsbrown1331/TurkVideos/master/seaquest/seaquest_00040_crop.webm,https://raw.githubusercontent.com/dsbrown1331/TurkVideos/master/seaquest/seaquest_00060_crop.webm
https://raw.githubusercontent.com/dsbrown1331/TurkVideos/master/seaquest/seaquest_00040_crop.webm,https://raw.githubusercontent.com/dsbrown1331/TurkVideos/master/seaquest/seaquest_00065_crop.webm
https://raw.githubusercontent.com/dsbrown1331/TurkVideos/master/seaquest/seaquest_00045_crop.webm,https://raw.githubusercontent.com/dsbrown1331/TurkVideos/master/seaquest/seaquest_00010_crop.webm
https://raw.githubusercontent.com/dsbrown1331/TurkVideos/master/seaquest/seaquest_00045_crop.webm,https://raw.githubusercontent.com/dsbrown1331/TurkVideos/master/seaquest/seaquest_00015_crop.webm
https://raw.githubusercontent.com/dsbrown1331/TurkVideos/master/seaquest/seaquest_00045_crop.webm,https://raw.githubusercontent.com/dsbrown1331/TurkVideos/master/seaquest/seaquest_00020_crop.webm
https://raw.githubusercontent.com/dsbrown1331/TurkVideos/master/seaquest/seaquest_00045_crop.webm,https://raw.githubusercontent.com/dsbrown1331/TurkVideos/master/seaquest/seaquest_00025_crop.webm
https://raw.githubusercontent.com/dsbrown1331/TurkVideos/master/seaquest/seaquest_00045_crop.webm,https://raw.githubusercontent.com/dsbrown1331/TurkVideos/master/seaquest/seaquest_00030_crop.webm
https://raw.githubusercontent.com/dsbrown1331/TurkVideos/master/seaquest/seaquest_00045_crop.webm,https://raw.githubusercontent.com/dsbrown1331/TurkVideos/master/seaquest/seaquest_00035_crop.webm
https://raw.githubusercontent.com/dsbrown1331/TurkVideos/master/seaquest/seaquest_00045_crop.webm,https://raw.githubusercontent.com/dsbrown1331/TurkVideos/master/seaquest/seaquest_00040_crop.webm
https://raw.githubusercontent.com/dsbrown1331/TurkVideos/master/seaquest/seaquest_00045_crop.webm,https://raw.githubusercontent.com/dsbrown1331/TurkVideos/master/seaquest/seaquest_00050_crop.webm
https://raw.githubusercontent.com/dsbrown1331/TurkVideos/master/seaquest/seaquest_00045_crop.webm,https://raw.githubusercontent.com/dsbrown1331/TurkVideos/master/seaquest/seaquest_00055_crop.webm
https://raw.githubusercontent.com/dsbrown1331/TurkVideos/master/seaquest/seaquest_00045_crop.webm,https://raw.githubusercontent.com/dsbrown1331/TurkVideos/master/seaquest/seaquest_00060_crop.webm
https://raw.githubusercontent.com/dsbrown1331/TurkVideos/master/seaquest/seaquest_00045_crop.webm,https://raw.githubusercontent.com/dsbrown1331/TurkVideos/master/seaquest/seaquest_00065_crop.webm
https://raw.githubusercontent.com/dsbrown1331/TurkVideos/master/seaquest/seaquest_00050_crop.webm,https://raw.githubusercontent.com/dsbrown1331/TurkVideos/master/seaquest/seaquest_00010_crop.webm
https://raw.githubusercontent.com/dsbrown1331/TurkVideos/master/seaquest/seaquest_00050_crop.webm,https://raw.githubusercontent.com/dsbrown1331/TurkVideos/master/seaquest/seaquest_00015_crop.webm
https://raw.githubusercontent.com/dsbrown1331/TurkVideos/master/seaquest/seaquest_00050_crop.webm,https://raw.githubusercontent.com/dsbrown1331/TurkVideos/master/seaquest/seaquest_00020_crop.webm
https://raw.githubusercontent.com/dsbrown1331/TurkVideos/master/seaquest/seaquest_00050_crop.webm,https://raw.githubusercontent.com/dsbrown1331/TurkVideos/master/seaquest/seaquest_00025_crop.webm
https://raw.githubusercontent.com/dsbrown1331/TurkVideos/master/seaquest/seaquest_00050_crop.webm,https://raw.githubusercontent.com/dsbrown1331/TurkVideos/master/seaquest/seaquest_00030_crop.webm
https://raw.githubusercontent.com/dsbrown1331/TurkVideos/master/seaquest/seaquest_00050_crop.webm,https://raw.githubusercontent.com/dsbrown1331/TurkVideos/master/seaquest/seaquest_00035_crop.webm
https://raw.githubusercontent.com/dsbrown1331/TurkVideos/master/seaquest/seaquest_00050_crop.webm,https://raw.githubusercontent.com/dsbrown1331/TurkVideos/master/seaquest/seaquest_00040_crop.webm
https://raw.githubusercontent.com/dsbrown1331/TurkVideos/master/seaquest/seaquest_00050_crop.webm,https://raw.githubusercontent.com/dsbrown1331/TurkVideos/master/seaquest/seaquest_00045_crop.webm
https://raw.githubusercontent.com/dsbrown1331/TurkVideos/master/seaquest/seaquest_00050_crop.webm,https://raw.githubusercontent.com/dsbrown1331/TurkVideos/master/seaquest/seaquest_00055_crop.webm
https://raw.githubusercontent.com/dsbrown1331/TurkVideos/master/seaquest/seaquest_00050_crop.webm,https://raw.githubusercontent.com/dsbrown1331/TurkVideos/master/seaquest/seaquest_00060_crop.webm
https://raw.githubusercontent.com/dsbrown1331/TurkVideos/master/seaquest/seaquest_00050_crop.webm,https://raw.githubusercontent.com/dsbrown1331/TurkVideos/master/seaquest/seaquest_00065_crop.webm
https://raw.githubusercontent.com/dsbrown1331/TurkVideos/master/seaquest/seaquest_00055_crop.webm,https://raw.githubusercontent.com/dsbrown1331/TurkVideos/master/seaquest/seaquest_00010_crop.webm
https://raw.githubusercontent.com/dsbrown1331/TurkVideos/master/seaquest/seaquest_00055_crop.webm,https://raw.githubusercontent.com/dsbrown1331/TurkVideos/master/seaquest/seaquest_00015_crop.webm
https://raw.githubusercontent.com/dsbrown1331/TurkVideos/master/seaquest/seaquest_00055_crop.webm,https://raw.githubusercontent.com/dsbrown1331/TurkVideos/master/seaquest/seaquest_00020_crop.webm
https://raw.githubusercontent.com/dsbrown1331/TurkVideos/master/seaquest/seaquest_00055_crop.webm,https://raw.githubusercontent.com/dsbrown1331/TurkVideos/master/seaquest/seaquest_00025_crop.webm
https://raw.githubusercontent.com/dsbrown1331/TurkVideos/master/seaquest/seaquest_00055_crop.webm,https://raw.githubusercontent.com/dsbrown1331/TurkVideos/master/seaquest/seaquest_00030_crop.webm
https://raw.githubusercontent.com/dsbrown1331/TurkVideos/master/seaquest/seaquest_00055_crop.webm,https://raw.githubusercontent.com/dsbrown1331/TurkVideos/master/seaquest/seaquest_00035_crop.webm
https://raw.githubusercontent.com/dsbrown1331/TurkVideos/master/seaquest/seaquest_00055_crop.webm,https://raw.githubusercontent.com/dsbrown1331/TurkVideos/master/seaquest/seaquest_00040_crop.webm
https://raw.githubusercontent.com/dsbrown1331/TurkVideos/master/seaquest/seaquest_00055_crop.webm,https://raw.githubusercontent.com/dsbrown1331/TurkVideos/master/seaquest/seaquest_00045_crop.webm
https://raw.githubusercontent.com/dsbrown1331/TurkVideos/master/seaquest/seaquest_00055_crop.webm,https://raw.githubusercontent.com/dsbrown1331/TurkVideos/master/seaquest/seaquest_00050_crop.webm
https://raw.githubusercontent.com/dsbrown1331/TurkVideos/master/seaquest/seaquest_00055_crop.webm,https://raw.githubusercontent.com/dsbrown1331/TurkVideos/master/seaquest/seaquest_00060_crop.webm
https://raw.githubusercontent.com/dsbrown1331/TurkVideos/master/seaquest/seaquest_00055_crop.webm,https://raw.githubusercontent.com/dsbrown1331/TurkVideos/master/seaquest/seaquest_00065_crop.webm
https://raw.githubusercontent.com/dsbrown1331/TurkVideos/master/seaquest/seaquest_00060_crop.webm,https://raw.githubusercontent.com/dsbrown1331/TurkVideos/master/seaquest/seaquest_00010_crop.webm
https://raw.githubusercontent.com/dsbrown1331/TurkVideos/master/seaquest/seaquest_00060_crop.webm,https://raw.githubusercontent.com/dsbrown1331/TurkVideos/master/seaquest/seaquest_00015_crop.webm
https://raw.githubusercontent.com/dsbrown1331/TurkVideos/master/seaquest/seaquest_00060_crop.webm,https://raw.githubusercontent.com/dsbrown1331/TurkVideos/master/seaquest/seaquest_00020_crop.webm
https://raw.githubusercontent.com/dsbrown1331/TurkVideos/master/seaquest/seaquest_00060_crop.webm,https://raw.githubusercontent.com/dsbrown1331/TurkVideos/master/seaquest/seaquest_00025_crop.webm
https://raw.githubusercontent.com/dsbrown1331/TurkVideos/master/seaquest/seaquest_00060_crop.webm,https://raw.githubusercontent.com/dsbrown1331/TurkVideos/master/seaquest/seaquest_00030_crop.webm
https://raw.githubusercontent.com/dsbrown1331/TurkVideos/master/seaquest/seaquest_00060_crop.webm,https://raw.githubusercontent.com/dsbrown1331/TurkVideos/master/seaquest/seaquest_00035_crop.webm
https://raw.githubusercontent.com/dsbrown1331/TurkVideos/master/seaquest/seaquest_00060_crop.webm,https://raw.githubusercontent.com/dsbrown1331/TurkVideos/master/seaquest/seaquest_00040_crop.webm
https://raw.githubusercontent.com/dsbrown1331/TurkVideos/master/seaquest/seaquest_00060_crop.webm,https://raw.githubusercontent.com/dsbrown1331/TurkVideos/master/seaquest/seaquest_00045_crop.webm
https://raw.githubusercontent.com/dsbrown1331/TurkVideos/master/seaquest/seaquest_00060_crop.webm,https://raw.githubusercontent.com/dsbrown1331/TurkVideos/master/seaquest/seaquest_00050_crop.webm
https://raw.githubusercontent.com/dsbrown1331/TurkVideos/master/seaquest/seaquest_00060_crop.webm,https://raw.githubusercontent.com/dsbrown1331/TurkVideos/master/seaquest/seaquest_00055_crop.webm
https://raw.githubusercontent.com/dsbrown1331/TurkVideos/master/seaquest/seaquest_00060_crop.webm,https://raw.githubusercontent.com/dsbrown1331/TurkVideos/master/seaquest/seaquest_00065_crop.webm
https://raw.githubusercontent.com/dsbrown1331/TurkVideos/master/seaquest/seaquest_00065_crop.webm,https://raw.githubusercontent.com/dsbrown1331/TurkVideos/master/seaquest/seaquest_00010_crop.webm
https://raw.githubusercontent.com/dsbrown1331/TurkVideos/master/seaquest/seaquest_00065_crop.webm,https://raw.githubusercontent.com/dsbrown1331/TurkVideos/master/seaquest/seaquest_00015_crop.webm
https://raw.githubusercontent.com/dsbrown1331/TurkVideos/master/seaquest/seaquest_00065_crop.webm,https://raw.githubusercontent.com/dsbrown1331/TurkVideos/master/seaquest/seaquest_00020_crop.webm
https://raw.githubusercontent.com/dsbrown1331/TurkVideos/master/seaquest/seaquest_00065_crop.webm,https://raw.githubusercontent.com/dsbrown1331/TurkVideos/master/seaquest/seaquest_00025_crop.webm
https://raw.githubusercontent.com/dsbrown1331/TurkVideos/master/seaquest/seaquest_00065_crop.webm,https://raw.githubusercontent.com/dsbrown1331/TurkVideos/master/seaquest/seaquest_00030_crop.webm
https://raw.githubusercontent.com/dsbrown1331/TurkVideos/master/seaquest/seaquest_00065_crop.webm,https://raw.githubusercontent.com/dsbrown1331/TurkVideos/master/seaquest/seaquest_00035_crop.webm
https://raw.githubusercontent.com/dsbrown1331/TurkVideos/master/seaquest/seaquest_00065_crop.webm,https://raw.githubusercontent.com/dsbrown1331/TurkVideos/master/seaquest/seaquest_00040_crop.webm
https://raw.githubusercontent.com/dsbrown1331/TurkVideos/master/seaquest/seaquest_00065_crop.webm,https://raw.githubusercontent.com/dsbrown1331/TurkVideos/master/seaquest/seaquest_00045_crop.webm
https://raw.githubusercontent.com/dsbrown1331/TurkVideos/master/seaquest/seaquest_00065_crop.webm,https://raw.githubusercontent.com/dsbrown1331/TurkVideos/master/seaquest/seaquest_00050_crop.webm
https://raw.githubusercontent.com/dsbrown1331/TurkVideos/master/seaquest/seaquest_00065_crop.webm,https://raw.githubusercontent.com/dsbrown1331/TurkVideos/master/seaquest/seaquest_00055_crop.webm
https://raw.githubusercontent.com/dsbrown1331/TurkVideos/master/seaquest/seaquest_00065_crop.webm,https://raw.githubusercontent.com/dsbrown1331/TurkVideos/master/seaquest/seaquest_00060_crop.webm
